,num,name,types,abilities,heightm,weightkg,color,eggGroups,tier,hp,atk,def,spa,spd,spe,BST,typeset,type1,type2,generation,tiernum
venusaur,3,Venusaur,"['Grass', 'Poison']","{'0': 'Overgrow', 'H': 'Chlorophyll'}",2.0,100.0,Green,"['Monster', 'Grass']",PU,80,82,83,100,100,80,525,"{'Poison', 'Grass'}",Grass,Poison,1,3
charizard,6,Charizard,"['Fire', 'Flying']","{'0': 'Blaze', 'H': 'Solar Power'}",1.7,90.5,Red,"['Monster', 'Dragon']",ZU,78,84,78,109,85,100,534,"{'Fire', 'Flying'}",Fire,Flying,1,1
blastoise,9,Blastoise,['Water'],"{'0': 'Torrent', 'H': 'Rain Dish'}",1.6,85.5,Blue,"['Monster', 'Water 1']",RUBL,79,83,100,85,105,78,530,{'Water'},Water,Water,1,8
arbok,24,Arbok,['Poison'],"{'0': 'Intimidate', '1': 'Shed Skin', 'H': 'Unnerve'}",3.5,65.0,Purple,"['Field', 'Dragon']",ZU,60,95,69,65,79,80,448,{'Poison'},Poison,Poison,1,1
pikachu,25,Pikachu,['Electric'],"{'0': 'Static', 'H': 'Lightning Rod'}",0.4,6.0,Yellow,"['Field', 'Fairy']",ZU,35,55,40,50,50,90,320,{'Electric'},Electric,Electric,1,1
pikachuoriginal,25,Pikachu-Original,['Electric'],"{'0': 'Static', 'H': 'Lightning Rod'}",0.4,6.0,Yellow,['Undiscovered'],ZU,35,55,40,50,50,90,320,{'Electric'},Electric,Electric,1,1
pikachuhoenn,25,Pikachu-Hoenn,['Electric'],"{'0': 'Static', 'H': 'Lightning Rod'}",0.4,6.0,Yellow,['Undiscovered'],ZU,35,55,40,50,50,90,320,{'Electric'},Electric,Electric,3,1
pikachusinnoh,25,Pikachu-Sinnoh,['Electric'],"{'0': 'Static', 'H': 'Lightning Rod'}",0.4,6.0,Yellow,['Undiscovered'],ZU,35,55,40,50,50,90,320,{'Electric'},Electric,Electric,4,1
pikachuunova,25,Pikachu-Unova,['Electric'],"{'0': 'Static', 'H': 'Lightning Rod'}",0.4,6.0,Yellow,['Undiscovered'],ZU,35,55,40,50,50,90,320,{'Electric'},Electric,Electric,5,1
pikachukalos,25,Pikachu-Kalos,['Electric'],"{'0': 'Static', 'H': 'Lightning Rod'}",0.4,6.0,Yellow,['Undiscovered'],ZU,35,55,40,50,50,90,320,{'Electric'},Electric,Electric,6,1
pikachualola,25,Pikachu-Alola,['Electric'],"{'0': 'Static', 'H': 'Lightning Rod'}",0.4,6.0,Yellow,['Undiscovered'],ZU,35,55,40,50,50,90,320,{'Electric'},Electric,Electric,7,1
pikachupartner,25,Pikachu-Partner,['Electric'],"{'0': 'Static', 'H': 'Lightning Rod'}",0.4,6.0,Yellow,['Undiscovered'],ZU,35,55,40,50,50,90,320,{'Electric'},Electric,Electric,1,1
pikachuworld,25,Pikachu-World,['Electric'],"{'0': 'Static', 'H': 'Lightning Rod'}",0.4,6.0,Yellow,['Undiscovered'],ZU,35,55,40,50,50,90,320,{'Electric'},Electric,Electric,1,1
raichu,26,Raichu,['Electric'],"{'0': 'Static', 'H': 'Lightning Rod'}",0.8,30.0,Yellow,"['Field', 'Fairy']",ZU,60,90,55,90,80,110,485,{'Electric'},Electric,Electric,1,1
raichualola,26,Raichu-Alola,"['Electric', 'Psychic']",{'0': 'Surge Surfer'},0.7000000000000001,21.0,Brown,"['Field', 'Fairy']",ZU,60,85,50,95,85,110,485,"{'Psychic', 'Electric'}",Electric,Psychic,7,1
sandslash,28,Sandslash,['Ground'],"{'0': 'Sand Veil', 'H': 'Sand Rush'}",1.0,29.5,Yellow,['Field'],ZU,75,100,110,45,55,65,450,{'Ground'},Ground,Ground,1,1
sandslashalola,28,Sandslash-Alola,"['Ice', 'Steel']","{'0': 'Snow Cloak', 'H': 'Slush Rush'}",1.2,55.0,Blue,['Field'],PU,75,100,120,25,65,65,450,"{'Ice', 'Steel'}",Ice,Steel,7,3
clefable,36,Clefable,['Fairy'],"{'0': 'Cute Charm', '1': 'Magic Guard', 'H': 'Unaware'}",1.3,40.0,Pink,['Fairy'],OU,95,70,73,95,90,60,483,{'Fairy'},Fairy,Fairy,1,11
ninetales,38,Ninetales,['Fire'],"{'0': 'Flash Fire', 'H': 'Drought'}",1.1,19.9,Yellow,['Field'],ZU,73,76,75,81,100,100,505,{'Fire'},Fire,Fire,1,1
ninetalesalola,38,Ninetales-Alola,"['Ice', 'Fairy']","{'0': 'Snow Cloak', 'H': 'Snow Warning'}",1.1,19.9,Blue,['Field'],RU,73,67,75,81,100,109,505,"{'Fairy', 'Ice'}",Ice,Fairy,7,7
wigglytuff,40,Wigglytuff,"['Normal', 'Fairy']","{'0': 'Cute Charm', '1': 'Competitive', 'H': 'Frisk'}",1.0,12.0,Pink,['Fairy'],ZU,140,70,45,85,50,45,435,"{'Normal', 'Fairy'}",Normal,Fairy,1,1
vileplume,45,Vileplume,"['Grass', 'Poison']","{'0': 'Chlorophyll', 'H': 'Effect Spore'}",1.2,18.6,Red,['Grass'],NU,75,80,85,110,90,50,490,"{'Poison', 'Grass'}",Grass,Poison,1,5
bellossom,182,Bellossom,['Grass'],"{'0': 'Chlorophyll', 'H': 'Healer'}",0.4,5.8,Green,['Grass'],ZU,75,80,95,90,100,50,490,{'Grass'},Grass,Grass,2,1
venomoth,49,Venomoth,"['Bug', 'Poison']","{'0': 'Shield Dust', '1': 'Tinted Lens', 'H': 'Wonder Skin'}",1.5,12.5,Purple,['Bug'],ZU,70,65,60,90,75,90,450,"{'Bug', 'Poison'}",Bug,Poison,1,1
dugtrio,51,Dugtrio,['Ground'],"{'0': 'Sand Veil', '1': 'Arena Trap', 'H': 'Sand Force'}",0.7000000000000001,33.3,Brown,['Field'],ZU,35,100,50,50,70,120,425,{'Ground'},Ground,Ground,1,1
dugtrioalola,51,Dugtrio-Alola,"['Ground', 'Steel']","{'0': 'Sand Veil', '1': 'Tangling Hair', 'H': 'Sand Force'}",0.7000000000000001,66.6,Brown,['Field'],ZU,35,100,60,50,70,110,425,"{'Ground', 'Steel'}",Ground,Steel,7,1
persian,53,Persian,['Normal'],"{'0': 'Limber', '1': 'Technician', 'H': 'Unnerve'}",1.0,32.0,Yellow,['Field'],ZU,65,70,60,65,65,115,440,{'Normal'},Normal,Normal,1,1
persianalola,53,Persian-Alola,['Dark'],"{'0': 'Fur Coat', '1': 'Technician', 'H': 'Rattled'}",1.1,33.0,Blue,['Field'],ZU,65,60,60,75,65,115,440,{'Dark'},Dark,Dark,7,1
perrserker,863,Perrserker,['Steel'],"{'0': 'Battle Armor', '1': 'Tough Claws', 'H': 'Steely Spirit'}",0.8,28.0,Brown,['Field'],ZU,70,110,100,50,60,50,440,{'Steel'},Steel,Steel,8,1
golduck,55,Golduck,['Water'],"{'0': 'Damp', '1': 'Cloud Nine', 'H': 'Swift Swim'}",1.7,76.6,Blue,"['Water 1', 'Field']",ZU,80,82,78,95,80,85,500,{'Water'},Water,Water,1,1
primeape,57,Primeape,['Fighting'],"{'0': 'Vital Spirit', '1': 'Anger Point', 'H': 'Defiant'}",1.0,32.0,Brown,['Field'],ZU,65,105,60,60,70,95,455,{'Fighting'},Fighting,Fighting,1,1
arcanine,59,Arcanine,['Fire'],"{'0': 'Intimidate', '1': 'Flash Fire', 'H': 'Justified'}",1.9000000000000001,155.0,Brown,['Field'],PU,90,110,80,100,80,95,555,{'Fire'},Fire,Fire,1,3
arcaninehisui,59,Arcanine-Hisui,"['Fire', 'Rock']","{'0': 'Intimidate', '1': 'Flash Fire', 'H': 'Rock Head'}",2.0,168.0,Brown,['Field'],UU,95,115,80,95,80,90,555,"{'Fire', 'Rock'}",Fire,Rock,8,9
poliwrath,62,Poliwrath,"['Water', 'Fighting']","{'0': 'Water Absorb', '1': 'Damp', 'H': 'Swift Swim'}",1.3,54.0,Blue,['Water 1'],ZU,90,95,95,70,90,70,510,"{'Water', 'Fighting'}",Water,Fighting,1,1
politoed,186,Politoed,['Water'],"{'0': 'Water Absorb', '1': 'Damp', 'H': 'Drizzle'}",1.1,33.9,Green,['Water 1'],RU,90,75,75,90,100,70,500,{'Water'},Water,Water,2,7
victreebel,71,Victreebel,"['Grass', 'Poison']","{'0': 'Chlorophyll', 'H': 'Gluttony'}",1.7,15.5,Green,['Grass'],ZU,80,105,65,100,70,70,490,"{'Poison', 'Grass'}",Grass,Poison,1,1
tentacruel,73,Tentacruel,"['Water', 'Poison']","{'0': 'Clear Body', '1': 'Liquid Ooze', 'H': 'Rain Dish'}",1.6,55.0,Blue,['Water 3'],NU,80,70,65,80,120,100,515,"{'Water', 'Poison'}",Water,Poison,1,5
golem,76,Golem,"['Rock', 'Ground']","{'0': 'Rock Head', '1': 'Sturdy', 'H': 'Sand Veil'}",1.4,300.0,Brown,['Mineral'],ZU,80,120,130,55,65,45,495,"{'Ground', 'Rock'}",Rock,Ground,1,1
golemalola,76,Golem-Alola,"['Rock', 'Electric']","{'0': 'Magnet Pull', '1': 'Sturdy', 'H': 'Galvanize'}",1.7,316.0,Gray,['Mineral'],ZU,80,120,130,55,65,45,495,"{'Electric', 'Rock'}",Rock,Electric,7,1
slowbro,80,Slowbro,"['Water', 'Psychic']","{'0': 'Oblivious', '1': 'Own Tempo', 'H': 'Regenerator'}",1.6,78.5,Pink,"['Monster', 'Water 1']",RU,95,75,110,100,80,30,490,"{'Water', 'Psychic'}",Water,Psychic,1,7
slowbrogalar,80,Slowbro-Galar,"['Poison', 'Psychic']","{'0': 'Quick Draw', '1': 'Own Tempo', 'H': 'Regenerator'}",1.6,70.5,Pink,"['Monster', 'Water 1']",NU,95,100,95,100,70,30,490,"{'Psychic', 'Poison'}",Poison,Psychic,8,5
slowking,199,Slowking,"['Water', 'Psychic']","{'0': 'Oblivious', '1': 'Own Tempo', 'H': 'Regenerator'}",2.0,79.5,Pink,"['Monster', 'Water 1']",UU,95,75,80,100,110,30,490,"{'Water', 'Psychic'}",Water,Psychic,2,9
slowkinggalar,199,Slowking-Galar,"['Poison', 'Psychic']","{'0': 'Curious Medicine', '1': 'Own Tempo', 'H': 'Regenerator'}",1.8,79.5,Pink,"['Monster', 'Water 1']",OU,95,65,80,110,110,30,490,"{'Psychic', 'Poison'}",Poison,Psychic,8,11
magneton,82,Magneton,"['Electric', 'Steel']","{'0': 'Magnet Pull', '1': 'Sturdy', 'H': 'Analytic'}",1.0,60.0,Gray,['Mineral'],ZU,50,60,95,120,70,70,465,"{'Electric', 'Steel'}",Electric,Steel,1,1
magnezone,462,Magnezone,"['Electric', 'Steel']","{'0': 'Magnet Pull', '1': 'Sturdy', 'H': 'Analytic'}",1.2,180.0,Gray,['Mineral'],RU,70,70,115,130,90,60,535,"{'Electric', 'Steel'}",Electric,Steel,4,7
dodrio,85,Dodrio,"['Normal', 'Flying']","{'0': 'Run Away', '1': 'Early Bird', 'H': 'Tangled Feet'}",1.8,85.2,Brown,['Flying'],ZU,60,110,70,60,60,110,470,"{'Normal', 'Flying'}",Normal,Flying,1,1
dewgong,87,Dewgong,"['Water', 'Ice']","{'0': 'Thick Fat', '1': 'Hydration', 'H': 'Ice Body'}",1.7,120.0,White,"['Water 1', 'Field']",ZU,90,70,80,70,95,70,475,"{'Water', 'Ice'}",Water,Ice,1,1
muk,89,Muk,['Poison'],"{'0': 'Stench', '1': 'Sticky Hold', 'H': 'Poison Touch'}",1.2,30.0,Purple,['Amorphous'],ZU,105,105,75,65,100,50,500,{'Poison'},Poison,Poison,1,1
mukalola,89,Muk-Alola,"['Poison', 'Dark']","{'0': 'Poison Touch', '1': 'Gluttony', 'H': 'Power of Alchemy'}",1.0,52.0,Green,['Amorphous'],NU,105,105,75,65,100,50,500,"{'Poison', 'Dark'}",Poison,Dark,7,5
cloyster,91,Cloyster,"['Water', 'Ice']","{'0': 'Shell Armor', '1': 'Skill Link', 'H': 'Overcoat'}",1.5,132.5,Purple,['Water 3'],NUBL,50,95,180,85,45,70,525,"{'Water', 'Ice'}",Water,Ice,1,6
gengar,94,Gengar,"['Ghost', 'Poison']",{'0': 'Cursed Body'},1.5,40.5,Purple,['Amorphous'],RU,60,65,60,130,75,110,500,"{'Ghost', 'Poison'}",Ghost,Poison,1,7
hypno,97,Hypno,['Psychic'],"{'0': 'Insomnia', '1': 'Forewarn', 'H': 'Inner Focus'}",1.6,75.6,Yellow,['Human-Like'],ZU,85,73,70,73,115,67,483,{'Psychic'},Psychic,Psychic,1,1
electrode,101,Electrode,['Electric'],"{'0': 'Soundproof', '1': 'Static', 'H': 'Aftermath'}",1.2,66.6,Red,['Mineral'],ZU,60,50,70,80,80,150,490,{'Electric'},Electric,Electric,1,1
electrodehisui,101,Electrode-Hisui,"['Electric', 'Grass']","{'0': 'Soundproof', '1': 'Static', 'H': 'Aftermath'}",1.2,71.0,Red,['Mineral'],ZUBL,60,50,70,80,80,150,490,"{'Electric', 'Grass'}",Electric,Grass,8,2
exeggutor,103,Exeggutor,"['Grass', 'Psychic']","{'0': 'Chlorophyll', 'H': 'Harvest'}",2.0,120.0,Yellow,['Grass'],ZU,95,95,85,125,75,55,530,"{'Psychic', 'Grass'}",Grass,Psychic,1,1
exeggutoralola,103,Exeggutor-Alola,"['Grass', 'Dragon']","{'0': 'Frisk', 'H': 'Harvest'}",10.9,415.6,Yellow,['Grass'],ZU,95,105,85,125,75,45,530,"{'Dragon', 'Grass'}",Grass,Dragon,7,1
hitmonlee,106,Hitmonlee,['Fighting'],"{'0': 'Limber', '1': 'Reckless', 'H': 'Unburden'}",1.5,49.8,Brown,['Human-Like'],ZU,50,120,53,35,110,87,455,{'Fighting'},Fighting,Fighting,1,1
hitmonchan,107,Hitmonchan,['Fighting'],"{'0': 'Keen Eye', '1': 'Iron Fist', 'H': 'Inner Focus'}",1.4,50.2,Brown,['Human-Like'],ZU,50,105,79,35,110,76,455,{'Fighting'},Fighting,Fighting,1,1
hitmontop,237,Hitmontop,['Fighting'],"{'0': 'Intimidate', '1': 'Technician', 'H': 'Steadfast'}",1.4,48.0,Brown,['Human-Like'],PU,50,95,95,35,110,70,455,{'Fighting'},Fighting,Fighting,2,3
weezing,110,Weezing,['Poison'],"{'0': 'Levitate', '1': 'Neutralizing Gas', 'H': 'Stench'}",1.2,9.5,Purple,['Amorphous'],ZU,65,90,120,85,70,60,490,{'Poison'},Poison,Poison,1,1
weezinggalar,110,Weezing-Galar,"['Poison', 'Fairy']","{'0': 'Levitate', '1': 'Neutralizing Gas', 'H': 'Misty Surge'}",3.0,16.0,Gray,['Amorphous'],RU,65,90,120,85,70,60,490,"{'Poison', 'Fairy'}",Poison,Fairy,8,7
rhyperior,464,Rhyperior,"['Ground', 'Rock']","{'0': 'Lightning Rod', '1': 'Solid Rock', 'H': 'Reckless'}",2.4,282.8,Gray,"['Monster', 'Field']",RU,115,140,130,55,55,40,535,"{'Ground', 'Rock'}",Ground,Rock,4,7
chansey,113,Chansey,['Normal'],"{'0': 'Natural Cure', '1': 'Serene Grace', 'H': 'Healer'}",1.1,34.6,Pink,['Fairy'],RU,250,5,5,35,105,50,450,{'Normal'},Normal,Normal,1,7
blissey,242,Blissey,['Normal'],"{'0': 'Natural Cure', '1': 'Serene Grace', 'H': 'Healer'}",1.5,46.8,Pink,['Fairy'],UU,255,10,10,75,135,55,540,{'Normal'},Normal,Normal,2,9
kingdra,230,Kingdra,"['Water', 'Dragon']","{'0': 'Swift Swim', '1': 'Sniper', 'H': 'Damp'}",1.8,152.0,Blue,"['Water 1', 'Dragon']",ZUBL,75,95,95,95,95,85,540,"{'Water', 'Dragon'}",Water,Dragon,2,2
scyther,123,Scyther,"['Bug', 'Flying']","{'0': 'Swarm', '1': 'Technician', 'H': 'Steadfast'}",1.5,56.0,Green,['Bug'],PUBL,70,110,80,55,80,105,500,"{'Flying', 'Bug'}",Bug,Flying,1,4
scizor,212,Scizor,"['Bug', 'Steel']","{'0': 'Swarm', '1': 'Technician', 'H': 'Light Metal'}",1.8,118.0,Red,['Bug'],UU,70,130,100,55,80,65,500,"{'Bug', 'Steel'}",Bug,Steel,2,9
kleavor,900,Kleavor,"['Bug', 'Rock']","{'0': 'Swarm', '1': 'Sheer Force', 'H': 'Sharpness'}",1.8,89.0,Brown,['Bug'],RU,70,135,95,45,70,85,500,"{'Bug', 'Rock'}",Bug,Rock,8,7
electivire,466,Electivire,['Electric'],"{'0': 'Motor Drive', 'H': 'Vital Spirit'}",1.8,138.6,Yellow,['Human-Like'],ZU,75,123,67,95,85,95,540,{'Electric'},Electric,Electric,4,1
magmortar,467,Magmortar,['Fire'],"{'0': 'Flame Body', 'H': 'Vital Spirit'}",1.6,68.0,Red,['Human-Like'],ZU,75,95,67,125,95,83,540,{'Fire'},Fire,Fire,4,1
tauros,128,Tauros,['Normal'],"{'0': 'Intimidate', '1': 'Anger Point', 'H': 'Sheer Force'}",1.4,88.4,Brown,['Field'],ZU,75,100,95,40,70,110,490,{'Normal'},Normal,Normal,1,1
taurospaldeacombat,128,Tauros-Paldea-Combat,['Fighting'],"{'0': 'Intimidate', '1': 'Anger Point', 'H': 'Cud Chew'}",1.4,115.0,Black,['Field'],ZU,75,110,105,30,70,100,490,{'Fighting'},Fighting,Fighting,9,1
taurospaldeablaze,128,Tauros-Paldea-Blaze,"['Fighting', 'Fire']","{'0': 'Intimidate', '1': 'Anger Point', 'H': 'Cud Chew'}",1.4,85.0,Black,['Field'],PU,75,110,105,30,70,100,490,"{'Fire', 'Fighting'}",Fighting,Fire,9,3
taurospaldeaaqua,128,Tauros-Paldea-Aqua,"['Fighting', 'Water']","{'0': 'Intimidate', '1': 'Anger Point', 'H': 'Cud Chew'}",1.4,110.0,Black,['Field'],NU,75,110,105,30,70,100,490,"{'Water', 'Fighting'}",Fighting,Water,9,5
gyarados,130,Gyarados,"['Water', 'Flying']","{'0': 'Intimidate', 'H': 'Moxie'}",6.5,235.0,Blue,"['Water 2', 'Dragon']",NUBL,95,125,79,60,100,81,540,"{'Water', 'Flying'}",Water,Flying,1,6
lapras,131,Lapras,"['Water', 'Ice']","{'0': 'Water Absorb', '1': 'Shell Armor', 'H': 'Hydration'}",2.5,220.0,Blue,"['Monster', 'Water 1']",ZU,130,85,80,85,95,60,535,"{'Water', 'Ice'}",Water,Ice,1,1
ditto,132,Ditto,['Normal'],"{'0': 'Limber', 'H': 'Imposter'}",0.30000000000000004,4.0,Purple,['Ditto'],ZU,48,48,48,48,48,48,288,{'Normal'},Normal,Normal,1,1
vaporeon,134,Vaporeon,['Water'],"{'0': 'Water Absorb', 'H': 'Hydration'}",1.0,29.0,Blue,['Field'],NU,130,65,60,110,95,65,525,{'Water'},Water,Water,1,5
jolteon,135,Jolteon,['Electric'],"{'0': 'Volt Absorb', 'H': 'Quick Feet'}",0.8,24.5,Yellow,['Field'],ZU,65,65,60,110,95,130,525,{'Electric'},Electric,Electric,1,1
flareon,136,Flareon,['Fire'],"{'0': 'Flash Fire', 'H': 'Guts'}",0.9,25.0,Red,['Field'],ZU,65,130,60,95,110,65,525,{'Fire'},Fire,Fire,1,1
espeon,196,Espeon,['Psychic'],"{'0': 'Synchronize', 'H': 'Magic Bounce'}",0.9,26.5,Purple,['Field'],NU,65,65,60,130,95,110,525,{'Psychic'},Psychic,Psychic,2,5
umbreon,197,Umbreon,['Dark'],"{'0': 'Synchronize', 'H': 'Inner Focus'}",1.0,27.0,Black,['Field'],RU,95,65,110,60,130,65,525,{'Dark'},Dark,Dark,2,7
leafeon,470,Leafeon,['Grass'],"{'0': 'Leaf Guard', 'H': 'Chlorophyll'}",1.0,25.5,Green,['Field'],ZU,65,110,130,60,65,95,525,{'Grass'},Grass,Grass,4,1
glaceon,471,Glaceon,['Ice'],"{'0': 'Snow Cloak', 'H': 'Ice Body'}",0.8,25.9,Blue,['Field'],ZU,65,60,110,130,95,65,525,{'Ice'},Ice,Ice,4,1
sylveon,700,Sylveon,['Fairy'],"{'0': 'Cute Charm', 'H': 'Pixilate'}",1.0,23.5,Pink,['Field'],NU,95,65,65,110,130,60,525,{'Fairy'},Fairy,Fairy,6,5
porygonz,474,Porygon-Z,['Normal'],"{'0': 'Adaptability', '1': 'Download', 'H': 'Analytic'}",0.9,34.0,Red,['Mineral'],NU,85,80,70,135,75,90,535,{'Normal'},Normal,Normal,4,5
snorlax,143,Snorlax,['Normal'],"{'0': 'Immunity', '1': 'Thick Fat', 'H': 'Gluttony'}",2.1,460.0,Black,['Monster'],ZU,160,110,65,65,110,30,540,{'Normal'},Normal,Normal,1,1
articuno,144,Articuno,"['Ice', 'Flying']","{'0': 'Pressure', 'H': 'Snow Cloak'}",1.7,55.4,Blue,['Undiscovered'],ZU,90,85,100,95,125,85,580,"{'Flying', 'Ice'}",Ice,Flying,1,1
articunogalar,144,Articuno-Galar,"['Psychic', 'Flying']",{'0': 'Competitive'},1.7,50.9,Purple,['Undiscovered'],ZUBL,90,85,85,125,100,95,580,"{'Flying', 'Psychic'}",Psychic,Flying,8,2
zapdos,145,Zapdos,"['Electric', 'Flying']","{'0': 'Pressure', 'H': 'Static'}",1.6,52.6,Yellow,['Undiscovered'],OU,90,90,85,125,90,100,580,"{'Flying', 'Electric'}",Electric,Flying,1,11
zapdosgalar,145,Zapdos-Galar,"['Fighting', 'Flying']",{'0': 'Defiant'},1.6,58.2,Yellow,['Undiscovered'],RU,90,125,90,85,90,100,580,"{'Flying', 'Fighting'}",Fighting,Flying,8,7
moltres,146,Moltres,"['Fire', 'Flying']","{'0': 'Pressure', 'H': 'Flame Body'}",2.0,60.0,Yellow,['Undiscovered'],OU,90,100,90,125,85,90,580,"{'Fire', 'Flying'}",Fire,Flying,1,11
moltresgalar,146,Moltres-Galar,"['Dark', 'Flying']",{'0': 'Berserk'},2.0,66.0,Red,['Undiscovered'],UUBL,90,85,90,100,125,90,580,"{'Flying', 'Dark'}",Dark,Flying,8,10
dragonite,149,Dragonite,"['Dragon', 'Flying']","{'0': 'Inner Focus', 'H': 'Multiscale'}",2.2,210.0,Brown,"['Water 1', 'Dragon']",OU,91,134,95,100,100,80,600,"{'Flying', 'Dragon'}",Dragon,Flying,1,11
mewtwo,150,Mewtwo,['Psychic'],"{'0': 'Pressure', 'H': 'Unnerve'}",2.0,122.0,Purple,['Undiscovered'],Uber,106,110,90,154,90,130,680,{'Psychic'},Psychic,Psychic,1,12
mew,151,Mew,['Psychic'],{'0': 'Synchronize'},0.4,4.0,Pink,['Undiscovered'],NUBL,100,100,100,100,100,100,600,{'Psychic'},Psychic,Psychic,1,6
meganium,154,Meganium,['Grass'],"{'0': 'Overgrow', 'H': 'Leaf Guard'}",1.8,100.5,Green,"['Monster', 'Grass']",ZU,80,82,100,83,100,80,525,{'Grass'},Grass,Grass,2,1
typhlosion,157,Typhlosion,['Fire'],"{'0': 'Blaze', 'H': 'Flash Fire'}",1.7,79.5,Yellow,['Field'],ZU,78,84,78,109,85,100,534,{'Fire'},Fire,Fire,2,1
typhlosionhisui,157,Typhlosion-Hisui,"['Fire', 'Ghost']","{'0': 'Blaze', 'H': 'Frisk'}",1.6,69.8,Yellow,['Field'],NU,73,84,78,119,85,95,534,"{'Fire', 'Ghost'}",Fire,Ghost,8,5
feraligatr,160,Feraligatr,['Water'],"{'0': 'Torrent', 'H': 'Sheer Force'}",2.3,88.8,Blue,"['Monster', 'Water 1']",NUBL,85,105,100,79,83,78,530,{'Water'},Water,Water,2,6
furret,162,Furret,['Normal'],"{'0': 'Run Away', '1': 'Keen Eye', 'H': 'Frisk'}",1.8,32.5,Brown,['Field'],ZU,85,76,64,45,55,90,415,{'Normal'},Normal,Normal,2,1
noctowl,164,Noctowl,"['Normal', 'Flying']","{'0': 'Insomnia', '1': 'Keen Eye', 'H': 'Tinted Lens'}",1.6,40.8,Brown,['Flying'],ZU,100,50,50,86,96,70,452,"{'Normal', 'Flying'}",Normal,Flying,2,1
ariados,168,Ariados,"['Bug', 'Poison']","{'0': 'Swarm', '1': 'Insomnia', 'H': 'Sniper'}",1.1,33.5,Red,['Bug'],ZU,70,90,70,60,70,40,400,"{'Bug', 'Poison'}",Bug,Poison,2,1
lanturn,171,Lanturn,"['Water', 'Electric']","{'0': 'Volt Absorb', '1': 'Illuminate', 'H': 'Water Absorb'}",1.2,22.5,Blue,['Water 2'],ZU,125,58,58,76,76,67,460,"{'Water', 'Electric'}",Water,Electric,2,1
ampharos,181,Ampharos,['Electric'],"{'0': 'Static', 'H': 'Plus'}",1.4,61.5,Yellow,"['Monster', 'Field']",ZU,90,75,85,115,90,55,510,{'Electric'},Electric,Electric,2,1
azumarill,184,Azumarill,"['Water', 'Fairy']","{'0': 'Thick Fat', '1': 'Huge Power', 'H': 'Sap Sipper'}",0.8,28.5,Blue,"['Water 1', 'Fairy']",UU,100,50,80,60,80,50,420,"{'Water', 'Fairy'}",Water,Fairy,2,9
sudowoodo,185,Sudowoodo,['Rock'],"{'0': 'Sturdy', '1': 'Rock Head', 'H': 'Rattled'}",1.2,38.0,Brown,['Mineral'],ZU,70,100,115,30,65,30,410,{'Rock'},Rock,Rock,2,1
jumpluff,189,Jumpluff,"['Grass', 'Flying']","{'0': 'Chlorophyll', '1': 'Leaf Guard', 'H': 'Infiltrator'}",0.8,3.0,Blue,"['Fairy', 'Grass']",ZU,75,55,70,55,95,110,460,"{'Flying', 'Grass'}",Grass,Flying,2,1
ambipom,424,Ambipom,['Normal'],"{'0': 'Technician', '1': 'Pickup', 'H': 'Skill Link'}",1.2,20.3,Purple,['Field'],PU,75,100,66,60,66,115,482,{'Normal'},Normal,Normal,4,3
sunflora,192,Sunflora,['Grass'],"{'0': 'Chlorophyll', '1': 'Solar Power', 'H': 'Early Bird'}",0.8,8.5,Yellow,['Grass'],ZU,75,75,55,105,85,30,425,{'Grass'},Grass,Grass,2,1
yanmega,469,Yanmega,"['Bug', 'Flying']","{'0': 'Speed Boost', '1': 'Tinted Lens', 'H': 'Frisk'}",1.9000000000000001,51.5,Green,['Bug'],RUBL,86,76,86,116,56,95,515,"{'Flying', 'Bug'}",Bug,Flying,4,8
quagsire,195,Quagsire,"['Water', 'Ground']","{'0': 'Damp', '1': 'Water Absorb', 'H': 'Unaware'}",1.4,75.0,Blue,"['Water 1', 'Field']",RU,95,85,85,65,65,35,430,"{'Water', 'Ground'}",Water,Ground,2,7
honchkrow,430,Honchkrow,"['Dark', 'Flying']","{'0': 'Insomnia', '1': 'Super Luck', 'H': 'Moxie'}",0.9,27.3,Black,['Flying'],ZU,100,125,52,105,52,71,505,"{'Flying', 'Dark'}",Dark,Flying,4,1
mismagius,429,Mismagius,['Ghost'],{'0': 'Levitate'},0.9,4.4,Purple,['Amorphous'],ZU,60,60,60,105,105,105,495,{'Ghost'},Ghost,Ghost,4,1
farigiraf,981,Farigiraf,"['Normal', 'Psychic']","{'0': 'Cud Chew', '1': 'Armor Tail', 'H': 'Sap Sipper'}",3.2,160.0,Brown,['Field'],ZU,120,90,70,110,70,60,520,"{'Normal', 'Psychic'}",Normal,Psychic,9,1
forretress,205,Forretress,"['Bug', 'Steel']","{'0': 'Sturdy', 'H': 'Overcoat'}",1.2,125.8,Purple,['Bug'],RU,75,90,140,60,60,40,465,"{'Bug', 'Steel'}",Bug,Steel,2,7
dudunsparce,982,Dudunsparce,['Normal'],"{'0': 'Serene Grace', '1': 'Run Away', 'H': 'Rattled'}",3.6,39.2,Yellow,['Field'],ZUBL,125,100,80,85,75,55,520,{'Normal'},Normal,Normal,9,2
gligar,207,Gligar,"['Ground', 'Flying']","{'0': 'Hyper Cutter', '1': 'Sand Veil', 'H': 'Immunity'}",1.1,64.8,Purple,['Bug'],NU,65,75,105,35,65,85,430,"{'Ground', 'Flying'}",Ground,Flying,2,5
gliscor,472,Gliscor,"['Ground', 'Flying']","{'0': 'Hyper Cutter', '1': 'Sand Veil', 'H': 'Poison Heal'}",2.0,42.5,Purple,['Bug'],OU,75,95,125,45,75,95,510,"{'Ground', 'Flying'}",Ground,Flying,4,11
granbull,210,Granbull,['Fairy'],"{'0': 'Intimidate', '1': 'Quick Feet', 'H': 'Rattled'}",1.4,48.7,Purple,"['Field', 'Fairy']",ZU,90,120,75,60,60,45,450,{'Fairy'},Fairy,Fairy,2,1
qwilfish,211,Qwilfish,"['Water', 'Poison']","{'0': 'Poison Point', '1': 'Swift Swim', 'H': 'Intimidate'}",0.5,3.9,Gray,['Water 2'],ZU,65,95,85,55,55,85,440,"{'Water', 'Poison'}",Water,Poison,2,1
qwilfishhisui,211,Qwilfish-Hisui,"['Dark', 'Poison']","{'0': 'Poison Point', '1': 'Swift Swim', 'H': 'Intimidate'}",0.5,3.9,Black,['Water 2'],ZU,65,95,85,55,55,85,440,"{'Dark', 'Poison'}",Dark,Poison,8,1
overqwil,904,Overqwil,"['Dark', 'Poison']","{'0': 'Poison Point', '1': 'Swift Swim', 'H': 'Intimidate'}",2.5,60.5,Black,['Water 2'],NU,85,115,95,65,65,85,510,"{'Dark', 'Poison'}",Dark,Poison,8,5
heracross,214,Heracross,"['Bug', 'Fighting']","{'0': 'Swarm', '1': 'Guts', 'H': 'Moxie'}",1.5,54.0,Blue,['Bug'],NU,80,125,75,40,95,85,500,"{'Bug', 'Fighting'}",Bug,Fighting,2,5
sneasel,215,Sneasel,"['Dark', 'Ice']","{'0': 'Inner Focus', '1': 'Keen Eye', 'H': 'Pickpocket'}",0.9,28.0,Black,['Field'],ZU,55,95,55,35,75,115,430,"{'Dark', 'Ice'}",Dark,Ice,2,1
weavile,461,Weavile,"['Dark', 'Ice']","{'0': 'Pressure', 'H': 'Pickpocket'}",1.1,34.0,Black,['Field'],UU,70,120,65,45,85,125,510,"{'Dark', 'Ice'}",Dark,Ice,4,9
sneasler,903,Sneasler,"['Fighting', 'Poison']","{'0': 'Pressure', '1': 'Unburden', 'H': 'Poison Touch'}",1.3,43.0,Blue,['Field'],Uber,80,130,60,40,80,120,510,"{'Poison', 'Fighting'}",Fighting,Poison,8,12
ursaluna,901,Ursaluna,"['Ground', 'Normal']","{'0': 'Guts', '1': 'Bulletproof', 'H': 'Unnerve'}",2.4,290.0,Brown,['Field'],UUBL,130,140,105,45,80,50,550,"{'Normal', 'Ground'}",Ground,Normal,8,10
ursalunabloodmoon,901,Ursaluna-Bloodmoon,"['Ground', 'Normal']","{'0': ""Mind's Eye""}",2.7,333.0,Brown,['Field'],Uber,113,70,120,135,65,52,555,"{'Normal', 'Ground'}",Ground,Normal,8,12
magcargo,219,Magcargo,"['Fire', 'Rock']","{'0': 'Magma Armor', '1': 'Flame Body', 'H': 'Weak Armor'}",0.8,55.0,Red,['Amorphous'],ZU,60,50,120,90,80,30,430,"{'Fire', 'Rock'}",Fire,Rock,2,1
mamoswine,473,Mamoswine,"['Ice', 'Ground']","{'0': 'Oblivious', '1': 'Snow Cloak', 'H': 'Thick Fat'}",2.5,291.0,Brown,['Field'],UU,110,130,80,70,60,80,530,"{'Ground', 'Ice'}",Ice,Ground,4,9
delibird,225,Delibird,"['Ice', 'Flying']","{'0': 'Vital Spirit', '1': 'Hustle', 'H': 'Insomnia'}",0.9,16.0,Red,"['Water 1', 'Field']",ZU,45,55,45,65,45,75,330,"{'Flying', 'Ice'}",Ice,Flying,2,1
skarmory,227,Skarmory,"['Steel', 'Flying']","{'0': 'Keen Eye', '1': 'Sturdy', 'H': 'Weak Armor'}",1.7,50.5,Gray,['Flying'],UU,65,80,140,40,70,70,465,"{'Flying', 'Steel'}",Steel,Flying,2,9
houndoom,229,Houndoom,"['Dark', 'Fire']","{'0': 'Early Bird', '1': 'Flash Fire', 'H': 'Unnerve'}",1.4,35.0,Black,['Field'],ZU,75,90,50,110,80,95,500,"{'Fire', 'Dark'}",Dark,Fire,2,1
donphan,232,Donphan,['Ground'],"{'0': 'Sturdy', 'H': 'Sand Veil'}",1.1,120.0,Gray,['Field'],UU,90,120,120,60,60,50,500,{'Ground'},Ground,Ground,2,9
wyrdeer,899,Wyrdeer,"['Normal', 'Psychic']","{'0': 'Intimidate', '1': 'Frisk', 'H': 'Sap Sipper'}",1.8,95.1,Gray,['Field'],ZU,103,105,72,105,75,65,525,"{'Normal', 'Psychic'}",Normal,Psychic,8,1
smeargle,235,Smeargle,['Normal'],"{'0': 'Own Tempo', '1': 'Technician', 'H': 'Moody'}",1.2,58.0,White,['Field'],ZU,55,20,35,20,45,75,250,{'Normal'},Normal,Normal,2,1
raikou,243,Raikou,['Electric'],"{'0': 'Pressure', 'H': 'Inner Focus'}",1.9000000000000001,178.0,Yellow,['Undiscovered'],PUBL,90,85,75,115,100,115,580,{'Electric'},Electric,Electric,2,4
entei,244,Entei,['Fire'],"{'0': 'Pressure', 'H': 'Inner Focus'}",2.1,198.0,Brown,['Undiscovered'],RU,115,115,85,90,75,100,580,{'Fire'},Fire,Fire,2,7
suicune,245,Suicune,['Water'],"{'0': 'Pressure', 'H': 'Inner Focus'}",2.0,187.0,Blue,['Undiscovered'],NUBL,100,75,115,90,115,85,580,{'Water'},Water,Water,2,6
tyranitar,248,Tyranitar,"['Rock', 'Dark']","{'0': 'Sand Stream', 'H': 'Unnerve'}",2.0,202.0,Green,['Monster'],UU,100,134,110,95,100,61,600,"{'Dark', 'Rock'}",Rock,Dark,2,9
lugia,249,Lugia,"['Psychic', 'Flying']","{'0': 'Pressure', 'H': 'Multiscale'}",5.2,216.0,White,['Undiscovered'],Uber,106,90,130,90,154,110,680,"{'Flying', 'Psychic'}",Psychic,Flying,2,12
hooh,250,Ho-Oh,"['Fire', 'Flying']","{'0': 'Pressure', 'H': 'Regenerator'}",3.8,199.0,Red,['Undiscovered'],Uber,106,130,90,110,154,90,680,"{'Fire', 'Flying'}",Fire,Flying,2,12
sceptile,254,Sceptile,['Grass'],"{'0': 'Overgrow', 'H': 'Unburden'}",1.7,52.2,Green,"['Monster', 'Dragon']",ZU,70,85,65,105,85,120,530,{'Grass'},Grass,Grass,3,1
blaziken,257,Blaziken,"['Fire', 'Fighting']","{'0': 'Blaze', 'H': 'Speed Boost'}",1.9000000000000001,52.0,Red,['Field'],UUBL,80,120,70,110,70,80,530,"{'Fire', 'Fighting'}",Fire,Fighting,3,10
swampert,260,Swampert,"['Water', 'Ground']","{'0': 'Torrent', 'H': 'Damp'}",1.5,81.9,Blue,"['Monster', 'Water 1']",NU,100,110,90,85,90,60,535,"{'Water', 'Ground'}",Water,Ground,3,5
mightyena,262,Mightyena,['Dark'],"{'0': 'Intimidate', '1': 'Quick Feet', 'H': 'Moxie'}",1.0,37.0,Gray,['Field'],ZU,70,90,70,60,60,70,420,{'Dark'},Dark,Dark,3,1
ludicolo,272,Ludicolo,"['Water', 'Grass']","{'0': 'Swift Swim', '1': 'Rain Dish', 'H': 'Own Tempo'}",1.5,55.0,Green,"['Water 1', 'Grass']",ZU,80,70,70,90,100,70,480,"{'Water', 'Grass'}",Water,Grass,3,1
shiftry,275,Shiftry,"['Grass', 'Dark']","{'0': 'Chlorophyll', '1': 'Wind Rider', 'H': 'Pickpocket'}",1.3,59.6,Brown,"['Field', 'Grass']",ZU,90,100,60,90,60,80,480,"{'Dark', 'Grass'}",Grass,Dark,3,1
pelipper,279,Pelipper,"['Water', 'Flying']","{'0': 'Keen Eye', '1': 'Drizzle', 'H': 'Rain Dish'}",1.2,28.0,Yellow,"['Water 1', 'Flying']",UUBL,60,50,100,95,70,65,440,"{'Water', 'Flying'}",Water,Flying,3,10
gardevoir,282,Gardevoir,"['Psychic', 'Fairy']","{'0': 'Synchronize', '1': 'Trace', 'H': 'Telepathy'}",1.6,48.4,White,"['Human-Like', 'Amorphous']",RU,68,65,65,125,115,80,518,"{'Psychic', 'Fairy'}",Psychic,Fairy,3,7
gallade,475,Gallade,"['Psychic', 'Fighting']","{'0': 'Steadfast', '1': 'Sharpness', 'H': 'Justified'}",1.6,52.0,White,"['Human-Like', 'Amorphous']",NUBL,68,125,65,65,115,80,518,"{'Psychic', 'Fighting'}",Psychic,Fighting,4,6
masquerain,284,Masquerain,"['Bug', 'Flying']","{'0': 'Intimidate', 'H': 'Unnerve'}",0.8,3.6,Blue,"['Water 1', 'Bug']",ZU,70,60,62,100,82,80,454,"{'Flying', 'Bug'}",Bug,Flying,3,1
breloom,286,Breloom,"['Grass', 'Fighting']","{'0': 'Effect Spore', '1': 'Poison Heal', 'H': 'Technician'}",1.2,39.2,Green,"['Fairy', 'Grass']",NU,60,130,80,60,60,70,460,"{'Fighting', 'Grass'}",Grass,Fighting,3,5
slaking,289,Slaking,['Normal'],{'0': 'Truant'},2.0,130.5,Brown,['Field'],ZU,150,160,100,95,65,100,670,{'Normal'},Normal,Normal,3,1
hariyama,297,Hariyama,['Fighting'],"{'0': 'Thick Fat', '1': 'Guts', 'H': 'Sheer Force'}",2.3,253.8,Brown,['Human-Like'],ZUBL,144,120,60,40,60,50,474,{'Fighting'},Fighting,Fighting,3,2
probopass,476,Probopass,"['Rock', 'Steel']","{'0': 'Sturdy', '1': 'Magnet Pull', 'H': 'Sand Force'}",1.4,340.0,Gray,['Mineral'],ZU,60,55,145,75,150,40,525,"{'Rock', 'Steel'}",Rock,Steel,4,1
sableye,302,Sableye,"['Dark', 'Ghost']","{'0': 'Keen Eye', '1': 'Stall', 'H': 'Prankster'}",0.5,11.0,Purple,['Human-Like'],ZU,50,75,75,65,65,50,380,"{'Ghost', 'Dark'}",Dark,Ghost,3,1
medicham,308,Medicham,"['Fighting', 'Psychic']","{'0': 'Pure Power', 'H': 'Telepathy'}",1.3,31.5,Red,['Human-Like'],ZU,60,60,75,60,75,80,410,"{'Psychic', 'Fighting'}",Fighting,Psychic,3,1
plusle,311,Plusle,['Electric'],"{'0': 'Plus', 'H': 'Lightning Rod'}",0.4,4.2,Yellow,['Fairy'],ZU,60,50,40,85,75,95,405,{'Electric'},Electric,Electric,3,1
minun,312,Minun,['Electric'],"{'0': 'Minus', 'H': 'Volt Absorb'}",0.4,4.2,Yellow,['Fairy'],ZU,60,40,50,75,85,95,405,{'Electric'},Electric,Electric,3,1
volbeat,313,Volbeat,['Bug'],"{'0': 'Illuminate', '1': 'Swarm', 'H': 'Prankster'}",0.7000000000000001,17.7,Gray,"['Bug', 'Human-Like']",ZU,65,73,75,47,85,85,430,{'Bug'},Bug,Bug,3,1
illumise,314,Illumise,['Bug'],"{'0': 'Oblivious', '1': 'Tinted Lens', 'H': 'Prankster'}",0.6000000000000001,17.7,Purple,"['Bug', 'Human-Like']",ZU,65,47,75,73,85,85,430,{'Bug'},Bug,Bug,3,1
swalot,317,Swalot,['Poison'],"{'0': 'Liquid Ooze', '1': 'Sticky Hold', 'H': 'Gluttony'}",1.7,80.0,Purple,['Amorphous'],ZU,100,73,83,73,83,55,467,{'Poison'},Poison,Poison,3,1
camerupt,323,Camerupt,"['Fire', 'Ground']","{'0': 'Magma Armor', '1': 'Solid Rock', 'H': 'Anger Point'}",1.9000000000000001,220.0,Red,['Field'],ZU,70,100,70,105,75,40,460,"{'Fire', 'Ground'}",Fire,Ground,3,1
torkoal,324,Torkoal,['Fire'],"{'0': 'White Smoke', '1': 'Drought', 'H': 'Shell Armor'}",0.5,80.4,Brown,['Field'],RU,70,85,140,85,70,20,470,{'Fire'},Fire,Fire,3,7
grumpig,326,Grumpig,['Psychic'],"{'0': 'Thick Fat', '1': 'Own Tempo', 'H': 'Gluttony'}",0.9,71.5,Purple,['Field'],ZU,80,45,65,90,110,80,470,{'Psychic'},Psychic,Psychic,3,1
flygon,330,Flygon,"['Ground', 'Dragon']",{'0': 'Levitate'},2.0,82.0,Green,"['Bug', 'Dragon']",NU,80,100,80,80,80,100,520,"{'Ground', 'Dragon'}",Ground,Dragon,3,5
cacturne,332,Cacturne,"['Grass', 'Dark']","{'0': 'Sand Veil', 'H': 'Water Absorb'}",1.3,77.4,Green,"['Grass', 'Human-Like']",ZU,70,115,60,115,60,55,475,"{'Dark', 'Grass'}",Grass,Dark,3,1
altaria,334,Altaria,"['Dragon', 'Flying']","{'0': 'Natural Cure', 'H': 'Cloud Nine'}",1.1,20.6,Blue,"['Flying', 'Dragon']",PU,75,70,90,70,105,80,490,"{'Flying', 'Dragon'}",Dragon,Flying,3,3
zangoose,335,Zangoose,['Normal'],"{'0': 'Immunity', 'H': 'Toxic Boost'}",1.3,40.3,White,['Field'],ZU,73,115,60,60,60,90,458,{'Normal'},Normal,Normal,3,1
seviper,336,Seviper,['Poison'],"{'0': 'Shed Skin', 'H': 'Infiltrator'}",2.7,52.5,Black,"['Field', 'Dragon']",ZU,73,100,60,100,60,65,458,{'Poison'},Poison,Poison,3,1
whiscash,340,Whiscash,"['Water', 'Ground']","{'0': 'Oblivious', '1': 'Anticipation', 'H': 'Hydration'}",0.9,23.6,Blue,['Water 2'],ZU,110,78,73,76,71,60,468,"{'Water', 'Ground'}",Water,Ground,3,1
crawdaunt,342,Crawdaunt,"['Water', 'Dark']","{'0': 'Hyper Cutter', '1': 'Shell Armor', 'H': 'Adaptability'}",1.1,32.8,Red,"['Water 1', 'Water 3']",RU,63,120,85,90,55,55,468,"{'Water', 'Dark'}",Water,Dark,3,7
milotic,350,Milotic,['Water'],"{'0': 'Marvel Scale', '1': 'Competitive', 'H': 'Cute Charm'}",6.2,162.0,Pink,"['Water 1', 'Dragon']",NU,95,60,79,100,125,81,540,{'Water'},Water,Water,3,5
banette,354,Banette,['Ghost'],"{'0': 'Insomnia', '1': 'Frisk', 'H': 'Cursed Body'}",1.1,12.5,Black,['Amorphous'],ZU,64,115,65,83,63,65,455,{'Ghost'},Ghost,Ghost,3,1
dusknoir,477,Dusknoir,['Ghost'],"{'0': 'Pressure', 'H': 'Frisk'}",2.2,106.6,Black,['Amorphous'],ZU,45,100,135,65,135,45,525,{'Ghost'},Ghost,Ghost,4,1
tropius,357,Tropius,"['Grass', 'Flying']","{'0': 'Chlorophyll', '1': 'Solar Power', 'H': 'Harvest'}",2.0,100.0,Green,"['Monster', 'Grass']",ZU,99,68,83,72,87,51,460,"{'Flying', 'Grass'}",Grass,Flying,3,1
chimecho,358,Chimecho,['Psychic'],{'0': 'Levitate'},0.6000000000000001,1.0,Blue,['Amorphous'],ZU,75,50,80,95,90,65,455,{'Psychic'},Psychic,Psychic,3,1
glalie,362,Glalie,['Ice'],"{'0': 'Inner Focus', '1': 'Ice Body', 'H': 'Moody'}",1.5,256.5,Gray,"['Fairy', 'Mineral']",ZU,80,80,80,80,80,80,480,{'Ice'},Ice,Ice,3,1
froslass,478,Froslass,"['Ice', 'Ghost']","{'0': 'Snow Cloak', 'H': 'Cursed Body'}",1.3,26.6,White,"['Fairy', 'Mineral']",ZU,70,80,70,80,70,110,480,"{'Ghost', 'Ice'}",Ice,Ghost,4,1
luvdisc,370,Luvdisc,['Water'],"{'0': 'Swift Swim', 'H': 'Hydration'}",0.6000000000000001,8.7,Pink,['Water 2'],ZU,43,30,55,40,65,97,330,{'Water'},Water,Water,3,1
salamence,373,Salamence,"['Dragon', 'Flying']","{'0': 'Intimidate', 'H': 'Moxie'}",1.5,102.6,Blue,['Dragon'],RU,95,135,80,110,80,100,600,"{'Flying', 'Dragon'}",Dragon,Flying,3,7
metagross,376,Metagross,"['Steel', 'Psychic']","{'0': 'Clear Body', 'H': 'Light Metal'}",1.6,550.0,Blue,['Mineral'],UU,80,135,130,95,90,70,600,"{'Psychic', 'Steel'}",Steel,Psychic,3,9
regirock,377,Regirock,['Rock'],"{'0': 'Clear Body', 'H': 'Sturdy'}",1.7,230.0,Brown,['Undiscovered'],ZU,80,100,200,50,100,50,580,{'Rock'},Rock,Rock,3,1
regice,378,Regice,['Ice'],"{'0': 'Clear Body', 'H': 'Ice Body'}",1.8,175.0,Blue,['Undiscovered'],ZU,80,50,100,100,200,50,580,{'Ice'},Ice,Ice,3,1
registeel,379,Registeel,['Steel'],"{'0': 'Clear Body', 'H': 'Light Metal'}",1.9000000000000001,205.0,Gray,['Undiscovered'],NU,80,75,150,75,150,50,580,{'Steel'},Steel,Steel,3,5
latias,380,Latias,"['Dragon', 'Psychic']",{'0': 'Levitate'},1.4,40.0,Red,['Undiscovered'],UUBL,80,80,90,110,130,110,600,"{'Psychic', 'Dragon'}",Dragon,Psychic,3,10
latios,381,Latios,"['Dragon', 'Psychic']",{'0': 'Levitate'},2.0,60.0,Blue,['Undiscovered'],UU,80,90,80,130,110,110,600,"{'Psychic', 'Dragon'}",Dragon,Psychic,3,9
kyogre,382,Kyogre,['Water'],{'0': 'Drizzle'},4.5,352.0,Blue,['Undiscovered'],Uber,100,100,90,150,140,90,670,{'Water'},Water,Water,3,12
groudon,383,Groudon,['Ground'],{'0': 'Drought'},3.5,950.0,Red,['Undiscovered'],Uber,100,150,140,100,90,90,670,{'Ground'},Ground,Ground,3,12
rayquaza,384,Rayquaza,"['Dragon', 'Flying']",{'0': 'Air Lock'},7.0,206.5,Green,['Undiscovered'],Uber,105,150,90,150,90,95,680,"{'Flying', 'Dragon'}",Dragon,Flying,3,12
jirachi,385,Jirachi,"['Steel', 'Psychic']",{'0': 'Serene Grace'},0.30000000000000004,1.1,Yellow,['Undiscovered'],RU,100,100,100,100,100,100,600,"{'Psychic', 'Steel'}",Steel,Psychic,3,7
deoxys,386,Deoxys,['Psychic'],{'0': 'Pressure'},1.7,60.8,Red,['Undiscovered'],Uber,50,150,50,150,50,150,600,{'Psychic'},Psychic,Psychic,3,12
deoxysattack,386,Deoxys-Attack,['Psychic'],{'0': 'Pressure'},1.7,60.8,Red,['Undiscovered'],Uber,50,180,20,180,20,150,600,{'Psychic'},Psychic,Psychic,3,12
deoxysdefense,386,Deoxys-Defense,['Psychic'],{'0': 'Pressure'},1.7,60.8,Red,['Undiscovered'],NUBL,50,70,160,70,160,90,600,{'Psychic'},Psychic,Psychic,3,6
deoxysspeed,386,Deoxys-Speed,['Psychic'],{'0': 'Pressure'},1.7,60.8,Red,['Undiscovered'],OU,50,95,90,95,90,180,600,{'Psychic'},Psychic,Psychic,3,11
torterra,389,Torterra,"['Grass', 'Ground']","{'0': 'Overgrow', 'H': 'Shell Armor'}",2.2,310.0,Green,"['Monster', 'Grass']",NU,95,109,105,75,85,56,525,"{'Ground', 'Grass'}",Grass,Ground,4,5
infernape,392,Infernape,"['Fire', 'Fighting']","{'0': 'Blaze', 'H': 'Iron Fist'}",1.2,55.0,Brown,"['Field', 'Human-Like']",NU,76,104,71,104,71,108,534,"{'Fire', 'Fighting'}",Fire,Fighting,4,5
empoleon,395,Empoleon,"['Water', 'Steel']","{'0': 'Torrent', 'H': 'Competitive'}",1.7,84.5,Blue,"['Water 1', 'Field']",RU,84,86,88,111,101,60,530,"{'Water', 'Steel'}",Water,Steel,4,7
staraptor,398,Staraptor,"['Normal', 'Flying']","{'0': 'Intimidate', 'H': 'Reckless'}",1.2,24.9,Brown,['Flying'],NU,85,120,70,50,60,100,485,"{'Normal', 'Flying'}",Normal,Flying,4,5
kricketune,402,Kricketune,['Bug'],"{'0': 'Swarm', 'H': 'Technician'}",1.0,25.5,Red,['Bug'],ZU,77,85,51,55,51,65,384,{'Bug'},Bug,Bug,4,1
luxray,405,Luxray,['Electric'],"{'0': 'Rivalry', '1': 'Intimidate', 'H': 'Guts'}",1.4,42.0,Blue,['Field'],ZU,80,120,79,95,79,70,523,{'Electric'},Electric,Electric,4,1
rampardos,409,Rampardos,['Rock'],"{'0': 'Mold Breaker', 'H': 'Sheer Force'}",1.6,102.5,Blue,['Monster'],ZU,97,165,60,65,50,58,495,{'Rock'},Rock,Rock,4,1
bastiodon,411,Bastiodon,"['Rock', 'Steel']","{'0': 'Sturdy', 'H': 'Soundproof'}",1.3,149.5,Gray,['Monster'],ZU,60,52,168,47,138,30,495,"{'Rock', 'Steel'}",Rock,Steel,4,1
vespiquen,416,Vespiquen,"['Bug', 'Flying']","{'0': 'Pressure', 'H': 'Unnerve'}",1.2,38.5,Yellow,['Bug'],ZU,70,80,102,80,102,40,474,"{'Flying', 'Bug'}",Bug,Flying,4,1
pachirisu,417,Pachirisu,['Electric'],"{'0': 'Run Away', '1': 'Pickup', 'H': 'Volt Absorb'}",0.4,3.9,White,"['Field', 'Fairy']",ZU,60,45,70,45,90,95,405,{'Electric'},Electric,Electric,4,1
floatzel,419,Floatzel,['Water'],"{'0': 'Swift Swim', 'H': 'Water Veil'}",1.1,33.5,Brown,"['Water 1', 'Field']",ZU,85,105,55,85,50,115,495,{'Water'},Water,Water,4,1
gastrodon,423,Gastrodon,"['Water', 'Ground']","{'0': 'Sticky Hold', '1': 'Storm Drain', 'H': 'Sand Force'}",0.9,29.9,Purple,"['Water 1', 'Amorphous']",PU,111,83,68,92,82,39,475,"{'Water', 'Ground'}",Water,Ground,4,3
drifblim,426,Drifblim,"['Ghost', 'Flying']","{'0': 'Aftermath', '1': 'Unburden', 'H': 'Flare Boost'}",1.2,15.0,Purple,['Amorphous'],ZU,150,80,44,90,54,80,498,"{'Ghost', 'Flying'}",Ghost,Flying,4,1
skuntank,435,Skuntank,"['Poison', 'Dark']","{'0': 'Stench', '1': 'Aftermath', 'H': 'Keen Eye'}",1.0,38.0,Purple,['Field'],PU,103,93,67,71,61,84,479,"{'Poison', 'Dark'}",Poison,Dark,4,3
bronzong,437,Bronzong,"['Steel', 'Psychic']","{'0': 'Levitate', '1': 'Heatproof', 'H': 'Heavy Metal'}",1.3,187.0,Green,['Mineral'],NU,67,89,116,79,116,33,500,"{'Psychic', 'Steel'}",Steel,Psychic,4,5
spiritomb,442,Spiritomb,"['Ghost', 'Dark']","{'0': 'Pressure', 'H': 'Infiltrator'}",1.0,108.0,Purple,['Amorphous'],ZU,50,92,108,92,108,35,485,"{'Ghost', 'Dark'}",Ghost,Dark,4,1
garchomp,445,Garchomp,"['Dragon', 'Ground']","{'0': 'Sand Veil', 'H': 'Rough Skin'}",1.9000000000000001,95.0,Blue,"['Monster', 'Dragon']",UUBL,108,130,95,80,85,102,600,"{'Ground', 'Dragon'}",Dragon,Ground,4,10
lucario,448,Lucario,"['Fighting', 'Steel']","{'0': 'Steadfast', '1': 'Inner Focus', 'H': 'Justified'}",1.2,54.0,Blue,"['Field', 'Human-Like']",NUBL,70,110,70,115,70,90,525,"{'Fighting', 'Steel'}",Fighting,Steel,4,6
hippowdon,450,Hippowdon,['Ground'],"{'0': 'Sand Stream', 'H': 'Sand Force'}",2.0,300.0,Brown,['Field'],RU,108,112,118,68,72,47,525,{'Ground'},Ground,Ground,4,7
toxicroak,454,Toxicroak,"['Poison', 'Fighting']","{'0': 'Anticipation', '1': 'Dry Skin', 'H': 'Poison Touch'}",1.3,44.4,Blue,['Human-Like'],NU,83,106,65,86,65,85,490,"{'Poison', 'Fighting'}",Poison,Fighting,4,5
lumineon,457,Lumineon,['Water'],"{'0': 'Swift Swim', '1': 'Storm Drain', 'H': 'Water Veil'}",1.2,24.0,Blue,['Water 2'],ZU,69,69,76,69,86,91,460,{'Water'},Water,Water,4,1
abomasnow,460,Abomasnow,"['Grass', 'Ice']","{'0': 'Snow Warning', 'H': 'Soundproof'}",2.2,135.5,White,"['Monster', 'Grass']",ZU,90,92,75,92,85,60,494,"{'Ice', 'Grass'}",Grass,Ice,4,1
rotom,479,Rotom,"['Electric', 'Ghost']",{'0': 'Levitate'},0.30000000000000004,0.30000000000000004,Red,['Amorphous'],ZU,50,50,77,95,77,91,440,"{'Ghost', 'Electric'}",Electric,Ghost,4,1
rotomheat,479,Rotom-Heat,"['Electric', 'Fire']",{'0': 'Levitate'},0.30000000000000004,0.30000000000000004,Red,['Amorphous'],PU,50,65,107,105,107,86,520,"{'Fire', 'Electric'}",Electric,Fire,4,3
rotomwash,479,Rotom-Wash,"['Electric', 'Water']",{'0': 'Levitate'},0.30000000000000004,0.30000000000000004,Red,['Amorphous'],UU,50,65,107,105,107,86,520,"{'Water', 'Electric'}",Electric,Water,4,9
rotomfrost,479,Rotom-Frost,"['Electric', 'Ice']",{'0': 'Levitate'},0.30000000000000004,0.30000000000000004,Red,['Amorphous'],ZU,50,65,107,105,107,86,520,"{'Electric', 'Ice'}",Electric,Ice,4,1
rotomfan,479,Rotom-Fan,"['Electric', 'Flying']",{'0': 'Levitate'},0.30000000000000004,0.30000000000000004,Red,['Amorphous'],ZU,50,65,107,105,107,86,520,"{'Flying', 'Electric'}",Electric,Flying,4,1
rotommow,479,Rotom-Mow,"['Electric', 'Grass']",{'0': 'Levitate'},0.30000000000000004,0.30000000000000004,Red,['Amorphous'],PU,50,65,107,105,107,86,520,"{'Electric', 'Grass'}",Electric,Grass,4,3
uxie,480,Uxie,['Psychic'],{'0': 'Levitate'},0.30000000000000004,0.30000000000000004,Yellow,['Undiscovered'],ZUBL,75,75,130,75,130,95,580,{'Psychic'},Psychic,Psychic,4,2
mesprit,481,Mesprit,['Psychic'],{'0': 'Levitate'},0.30000000000000004,0.30000000000000004,Pink,['Undiscovered'],ZU,80,105,105,105,105,80,580,{'Psychic'},Psychic,Psychic,4,1
azelf,482,Azelf,['Psychic'],{'0': 'Levitate'},0.30000000000000004,0.30000000000000004,Blue,['Undiscovered'],RU,75,125,70,125,70,115,580,{'Psychic'},Psychic,Psychic,4,7
dialga,483,Dialga,"['Steel', 'Dragon']","{'0': 'Pressure', 'H': 'Telepathy'}",5.4,683.0,White,['Undiscovered'],Uber,100,120,120,150,100,90,680,"{'Dragon', 'Steel'}",Steel,Dragon,4,12
dialgaorigin,483,Dialga-Origin,"['Steel', 'Dragon']","{'0': 'Pressure', 'H': 'Telepathy'}",7.0,850.0,Blue,['Undiscovered'],Uber,100,100,120,150,120,90,680,"{'Dragon', 'Steel'}",Steel,Dragon,4,12
palkia,484,Palkia,"['Water', 'Dragon']","{'0': 'Pressure', 'H': 'Telepathy'}",4.2,336.0,Purple,['Undiscovered'],Uber,90,120,100,150,120,100,680,"{'Water', 'Dragon'}",Water,Dragon,4,12
palkiaorigin,484,Palkia-Origin,"['Water', 'Dragon']","{'0': 'Pressure', 'H': 'Telepathy'}",6.3,660.0,Purple,['Undiscovered'],Uber,90,100,100,150,120,120,680,"{'Water', 'Dragon'}",Water,Dragon,4,12
heatran,485,Heatran,"['Fire', 'Steel']","{'0': 'Flash Fire', 'H': 'Flame Body'}",1.7,430.0,Brown,['Undiscovered'],UU,91,90,106,130,106,77,600,"{'Fire', 'Steel'}",Fire,Steel,4,9
regigigas,486,Regigigas,['Normal'],{'0': 'Slow Start'},3.7,420.0,White,['Undiscovered'],ZU,110,160,110,80,110,100,670,{'Normal'},Normal,Normal,4,1
giratina,487,Giratina,"['Ghost', 'Dragon']","{'0': 'Pressure', 'H': 'Telepathy'}",4.5,750.0,Black,['Undiscovered'],Uber,150,100,120,100,120,90,680,"{'Ghost', 'Dragon'}",Ghost,Dragon,4,12
giratinaorigin,487,Giratina-Origin,"['Ghost', 'Dragon']",{'0': 'Levitate'},6.9,650.0,Black,['Undiscovered'],Uber,150,120,100,120,100,90,680,"{'Ghost', 'Dragon'}",Ghost,Dragon,4,12
cresselia,488,Cresselia,['Psychic'],{'0': 'Levitate'},1.5,85.6,Yellow,['Undiscovered'],NUBL,120,70,110,75,120,85,580,{'Psychic'},Psychic,Psychic,4,6
phione,489,Phione,['Water'],{'0': 'Hydration'},0.4,3.1,Blue,"['Water 1', 'Fairy']",ZU,80,80,80,80,80,80,480,{'Water'},Water,Water,4,1
manaphy,490,Manaphy,['Water'],{'0': 'Hydration'},0.30000000000000004,1.4,Blue,"['Water 1', 'Fairy']",RUBL,100,100,100,100,100,100,600,{'Water'},Water,Water,4,8
darkrai,491,Darkrai,['Dark'],{'0': 'Bad Dreams'},1.5,50.5,Black,['Undiscovered'],OU,70,90,90,135,90,125,600,{'Dark'},Dark,Dark,4,11
shaymin,492,Shaymin,['Grass'],{'0': 'Natural Cure'},0.2,2.1,Green,['Undiscovered'],ZU,100,100,100,100,100,100,600,{'Grass'},Grass,Grass,4,1
shayminsky,492,Shaymin-Sky,"['Grass', 'Flying']",{'0': 'Serene Grace'},0.4,5.2,Green,['Undiscovered'],Uber,100,103,75,120,75,127,600,"{'Flying', 'Grass'}",Grass,Flying,4,12
arceus,493,Arceus,['Normal'],{'0': 'Multitype'},3.2,320.0,White,['Undiscovered'],Uber,120,120,120,120,120,120,720,{'Normal'},Normal,Normal,4,12
serperior,497,Serperior,['Grass'],"{'0': 'Overgrow', 'H': 'Contrary'}",3.3,63.0,Green,"['Field', 'Grass']",UU,75,75,95,75,95,113,528,{'Grass'},Grass,Grass,5,9
emboar,500,Emboar,"['Fire', 'Fighting']","{'0': 'Blaze', 'H': 'Reckless'}",1.6,150.0,Red,['Field'],ZUBL,110,123,65,100,65,65,528,"{'Fire', 'Fighting'}",Fire,Fighting,5,2
samurott,503,Samurott,['Water'],"{'0': 'Torrent', 'H': 'Shell Armor'}",1.5,94.6,Blue,['Field'],ZU,95,100,85,108,70,70,528,{'Water'},Water,Water,5,1
samurotthisui,503,Samurott-Hisui,"['Water', 'Dark']","{'0': 'Torrent', 'H': 'Sharpness'}",1.5,58.2,Blue,['Field'],OU,90,108,80,100,65,85,528,"{'Water', 'Dark'}",Water,Dark,8,11
zebstrika,523,Zebstrika,['Electric'],"{'0': 'Lightning Rod', '1': 'Motor Drive', 'H': 'Sap Sipper'}",1.6,79.5,Black,['Field'],ZU,75,100,63,80,63,116,497,{'Electric'},Electric,Electric,5,1
excadrill,530,Excadrill,"['Ground', 'Steel']","{'0': 'Sand Rush', '1': 'Sand Force', 'H': 'Mold Breaker'}",0.7000000000000001,40.4,Gray,['Field'],UU,110,135,60,50,65,88,508,"{'Ground', 'Steel'}",Ground,Steel,5,9
conkeldurr,534,Conkeldurr,['Fighting'],"{'0': 'Guts', '1': 'Sheer Force', 'H': 'Iron Fist'}",1.4,87.0,Brown,['Human-Like'],RU,105,140,95,55,65,45,505,{'Fighting'},Fighting,Fighting,5,7
leavanny,542,Leavanny,"['Bug', 'Grass']","{'0': 'Swarm', '1': 'Chlorophyll', 'H': 'Overcoat'}",1.2,20.5,Yellow,['Bug'],ZU,75,103,80,70,80,92,500,"{'Bug', 'Grass'}",Bug,Grass,5,1
whimsicott,547,Whimsicott,"['Grass', 'Fairy']","{'0': 'Prankster', '1': 'Infiltrator', 'H': 'Chlorophyll'}",0.7000000000000001,6.6,Green,"['Fairy', 'Grass']",ZU,60,67,85,77,75,116,480,"{'Fairy', 'Grass'}",Grass,Fairy,5,1
lilligant,549,Lilligant,['Grass'],"{'0': 'Chlorophyll', '1': 'Own Tempo', 'H': 'Leaf Guard'}",1.1,16.3,Green,['Grass'],ZU,70,60,75,110,75,90,480,{'Grass'},Grass,Grass,5,1
lilliganthisui,549,Lilligant-Hisui,"['Grass', 'Fighting']","{'0': 'Chlorophyll', '1': 'Hustle', 'H': 'Leaf Guard'}",1.2,19.2,Green,['Grass'],NUBL,70,105,75,50,75,105,480,"{'Fighting', 'Grass'}",Grass,Fighting,8,6
basculin,550,Basculin,['Water'],"{'0': 'Reckless', '1': 'Adaptability', 'H': 'Mold Breaker'}",1.0,18.0,Green,['Water 2'],ZU,70,92,65,80,55,98,460,{'Water'},Water,Water,5,1
basculegion,902,Basculegion,"['Water', 'Ghost']","{'0': 'Swift Swim', '1': 'Adaptability', 'H': 'Mold Breaker'}",3.0,110.0,Green,['Water 2'],NU,120,112,65,80,75,78,530,"{'Ghost', 'Water'}",Water,Ghost,8,5
basculegionf,902,Basculegion-F,"['Water', 'Ghost']","{'0': 'Swift Swim', '1': 'Adaptability', 'H': 'Mold Breaker'}",3.0,110.0,Green,['Water 2'],RU,120,92,65,100,75,78,530,"{'Ghost', 'Water'}",Water,Ghost,8,7
krookodile,553,Krookodile,"['Ground', 'Dark']","{'0': 'Intimidate', '1': 'Moxie', 'H': 'Anger Point'}",1.5,96.3,Red,['Field'],RU,95,117,80,65,70,92,519,"{'Ground', 'Dark'}",Ground,Dark,5,7
scrafty,560,Scrafty,"['Dark', 'Fighting']","{'0': 'Shed Skin', '1': 'Moxie', 'H': 'Intimidate'}",1.1,30.0,Red,"['Field', 'Dragon']",PU,65,90,115,45,115,58,488,"{'Dark', 'Fighting'}",Dark,Fighting,5,3
zoroark,571,Zoroark,['Dark'],{'0': 'Illusion'},1.6,81.1,Gray,['Field'],PU,60,105,60,120,60,105,510,{'Dark'},Dark,Dark,5,3
zoroarkhisui,571,Zoroark-Hisui,"['Normal', 'Ghost']",{'0': 'Illusion'},1.6,73.0,Gray,['Field'],RU,55,100,60,125,60,110,510,"{'Normal', 'Ghost'}",Normal,Ghost,8,7
cinccino,573,Cinccino,['Normal'],"{'0': 'Cute Charm', '1': 'Technician', 'H': 'Skill Link'}",0.5,7.5,Gray,['Field'],NU,75,95,60,65,60,115,470,{'Normal'},Normal,Normal,5,5
gothitelle,576,Gothitelle,['Psychic'],"{'0': 'Frisk', '1': 'Competitive', 'H': 'Shadow Tag'}",1.5,44.0,Purple,['Human-Like'],ZU,70,55,95,95,110,65,490,{'Psychic'},Psychic,Psychic,5,1
reuniclus,579,Reuniclus,['Psychic'],"{'0': 'Overcoat', '1': 'Magic Guard', 'H': 'Regenerator'}",1.0,20.1,Green,['Amorphous'],RU,110,65,75,125,85,30,490,{'Psychic'},Psychic,Psychic,5,7
swanna,581,Swanna,"['Water', 'Flying']","{'0': 'Keen Eye', '1': 'Big Pecks', 'H': 'Hydration'}",1.3,24.2,White,"['Water 1', 'Flying']",ZU,75,87,63,87,63,98,473,"{'Water', 'Flying'}",Water,Flying,5,1
sawsbuck,586,Sawsbuck,"['Normal', 'Grass']","{'0': 'Chlorophyll', '1': 'Sap Sipper', 'H': 'Serene Grace'}",1.9000000000000001,92.5,Brown,['Field'],ZU,80,100,70,60,70,95,475,"{'Normal', 'Grass'}",Normal,Grass,5,1
amoonguss,591,Amoonguss,"['Grass', 'Poison']","{'0': 'Effect Spore', 'H': 'Regenerator'}",0.6000000000000001,10.5,White,['Grass'],RU,114,85,70,85,80,30,464,"{'Poison', 'Grass'}",Grass,Poison,5,7
alomomola,594,Alomomola,['Water'],"{'0': 'Healer', '1': 'Hydration', 'H': 'Regenerator'}",1.2,31.6,Pink,"['Water 1', 'Water 2']",OU,165,75,80,40,45,65,470,{'Water'},Water,Water,5,11
galvantula,596,Galvantula,"['Bug', 'Electric']","{'0': 'Compound Eyes', '1': 'Unnerve', 'H': 'Swarm'}",0.8,14.3,Yellow,['Bug'],NU,70,77,60,97,60,108,472,"{'Bug', 'Electric'}",Bug,Electric,5,5
eelektross,604,Eelektross,['Electric'],{'0': 'Levitate'},2.1,80.5,Blue,['Amorphous'],ZU,85,115,80,105,80,50,515,{'Electric'},Electric,Electric,5,1
chandelure,609,Chandelure,"['Ghost', 'Fire']","{'0': 'Flash Fire', '1': 'Flame Body', 'H': 'Infiltrator'}",1.0,34.3,Black,['Amorphous'],NU,60,55,90,145,90,80,520,"{'Ghost', 'Fire'}",Ghost,Fire,5,5
haxorus,612,Haxorus,['Dragon'],"{'0': 'Rivalry', '1': 'Mold Breaker', 'H': 'Unnerve'}",1.8,105.5,Yellow,"['Monster', 'Dragon']",RUBL,76,147,90,60,70,97,540,{'Dragon'},Dragon,Dragon,5,8
beartic,614,Beartic,['Ice'],"{'0': 'Snow Cloak', '1': 'Slush Rush', 'H': 'Swift Swim'}",2.6,260.0,White,['Field'],ZU,95,130,80,70,80,50,505,{'Ice'},Ice,Ice,5,1
cryogonal,615,Cryogonal,['Ice'],{'0': 'Levitate'},1.1,148.0,Blue,['Mineral'],ZU,80,50,50,95,135,105,515,{'Ice'},Ice,Ice,5,1
mienshao,620,Mienshao,['Fighting'],"{'0': 'Inner Focus', '1': 'Regenerator', 'H': 'Reckless'}",1.4,35.5,Purple,"['Field', 'Human-Like']",NU,65,125,60,95,60,105,510,{'Fighting'},Fighting,Fighting,5,5
golurk,623,Golurk,"['Ground', 'Ghost']","{'0': 'Iron Fist', '1': 'Klutz', 'H': 'No Guard'}",2.8,330.0,Green,['Mineral'],PU,89,124,80,55,80,55,483,"{'Ghost', 'Ground'}",Ground,Ghost,5,3
bisharp,625,Bisharp,"['Dark', 'Steel']","{'0': 'Defiant', '1': 'Inner Focus', 'H': 'Pressure'}",1.6,70.0,Red,['Human-Like'],RU,65,125,100,60,70,70,490,"{'Dark', 'Steel'}",Dark,Steel,5,7
braviary,628,Braviary,"['Normal', 'Flying']","{'0': 'Keen Eye', '1': 'Sheer Force', 'H': 'Defiant'}",1.5,41.0,Red,['Flying'],ZU,100,123,75,57,75,80,510,"{'Normal', 'Flying'}",Normal,Flying,5,1
braviaryhisui,628,Braviary-Hisui,"['Psychic', 'Flying']","{'0': 'Keen Eye', '1': 'Sheer Force', 'H': 'Tinted Lens'}",1.7,43.4,White,['Flying'],PU,110,83,70,112,70,65,510,"{'Flying', 'Psychic'}",Psychic,Flying,8,3
mandibuzz,630,Mandibuzz,"['Dark', 'Flying']","{'0': 'Big Pecks', '1': 'Overcoat', 'H': 'Weak Armor'}",1.2,39.5,Brown,['Flying'],UU,110,65,105,55,95,80,510,"{'Flying', 'Dark'}",Dark,Flying,5,9
hydreigon,635,Hydreigon,"['Dark', 'Dragon']",{'0': 'Levitate'},1.8,160.0,Blue,['Dragon'],RUBL,92,105,90,125,90,98,600,"{'Dark', 'Dragon'}",Dark,Dragon,5,8
volcarona,637,Volcarona,"['Bug', 'Fire']","{'0': 'Flame Body', 'H': 'Swarm'}",1.6,46.0,White,['Bug'],Uber,85,60,65,135,105,100,550,"{'Fire', 'Bug'}",Bug,Fire,5,12
cobalion,638,Cobalion,"['Steel', 'Fighting']",{'0': 'Justified'},2.1,250.0,Blue,['Undiscovered'],UU,91,90,129,90,72,108,580,"{'Fighting', 'Steel'}",Steel,Fighting,5,9
terrakion,639,Terrakion,"['Rock', 'Fighting']",{'0': 'Justified'},1.9000000000000001,260.0,Gray,['Undiscovered'],RU,91,129,90,72,90,108,580,"{'Rock', 'Fighting'}",Rock,Fighting,5,7
virizion,640,Virizion,"['Grass', 'Fighting']",{'0': 'Justified'},2.0,200.0,Green,['Undiscovered'],ZU,91,90,72,90,129,108,580,"{'Fighting', 'Grass'}",Grass,Fighting,5,1
tornadus,641,Tornadus,['Flying'],"{'0': 'Prankster', 'H': 'Defiant'}",1.5,63.0,Green,['Undiscovered'],ZUBL,79,115,70,125,80,111,580,{'Flying'},Flying,Flying,5,2
tornadustherian,641,Tornadus-Therian,['Flying'],{'0': 'Regenerator'},1.4,63.0,Green,['Undiscovered'],UU,79,100,80,110,90,121,580,{'Flying'},Flying,Flying,5,9
thundurus,642,Thundurus,"['Electric', 'Flying']","{'0': 'Prankster', 'H': 'Defiant'}",1.5,61.0,Blue,['Undiscovered'],RUBL,79,115,70,125,80,111,580,"{'Flying', 'Electric'}",Electric,Flying,5,8
thundurustherian,642,Thundurus-Therian,"['Electric', 'Flying']",{'0': 'Volt Absorb'},3.0,61.0,Blue,['Undiscovered'],UU,79,105,70,145,80,101,580,"{'Flying', 'Electric'}",Electric,Flying,5,9
reshiram,643,Reshiram,"['Dragon', 'Fire']",{'0': 'Turboblaze'},3.2,330.0,White,['Undiscovered'],Uber,100,120,100,150,120,90,680,"{'Fire', 'Dragon'}",Dragon,Fire,5,12
zekrom,644,Zekrom,"['Dragon', 'Electric']",{'0': 'Teravolt'},2.9,345.0,Black,['Undiscovered'],Uber,100,150,120,120,100,90,680,"{'Dragon', 'Electric'}",Dragon,Electric,5,12
landorus,645,Landorus,"['Ground', 'Flying']","{'0': 'Sand Force', 'H': 'Sheer Force'}",1.5,68.0,Brown,['Undiscovered'],Uber,89,125,90,115,80,101,600,"{'Ground', 'Flying'}",Ground,Flying,5,12
landorustherian,645,Landorus-Therian,"['Ground', 'Flying']",{'0': 'Intimidate'},1.3,68.0,Brown,['Undiscovered'],OU,89,145,90,105,80,91,600,"{'Ground', 'Flying'}",Ground,Flying,5,11
kyurem,646,Kyurem,"['Dragon', 'Ice']",{'0': 'Pressure'},3.0,325.0,Gray,['Undiscovered'],OU,125,130,90,130,90,95,660,"{'Dragon', 'Ice'}",Dragon,Ice,5,11
kyuremblack,646,Kyurem-Black,"['Dragon', 'Ice']",{'0': 'Teravolt'},3.3,325.0,Gray,['Undiscovered'],Uber,125,170,100,120,90,95,700,"{'Dragon', 'Ice'}",Dragon,Ice,5,12
kyuremwhite,646,Kyurem-White,"['Dragon', 'Ice']",{'0': 'Turboblaze'},3.6,325.0,Gray,['Undiscovered'],Uber,125,120,90,170,100,95,700,"{'Dragon', 'Ice'}",Dragon,Ice,5,12
keldeo,647,Keldeo,"['Water', 'Fighting']",{'0': 'Justified'},1.4,48.5,Yellow,['Undiscovered'],UU,91,72,90,129,90,108,580,"{'Water', 'Fighting'}",Water,Fighting,5,9
meloetta,648,Meloetta,"['Normal', 'Psychic']",{'0': 'Serene Grace'},0.6000000000000001,6.5,White,['Undiscovered'],PU,100,77,77,128,128,90,600,"{'Normal', 'Psychic'}",Normal,Psychic,5,3
chesnaught,652,Chesnaught,"['Grass', 'Fighting']","{'0': 'Overgrow', 'H': 'Bulletproof'}",1.6,90.0,Green,['Field'],RU,88,107,122,74,75,64,530,"{'Fighting', 'Grass'}",Grass,Fighting,6,7
delphox,655,Delphox,"['Fire', 'Psychic']","{'0': 'Blaze', 'H': 'Magician'}",1.5,39.0,Red,['Field'],ZUBL,75,69,72,114,100,104,534,"{'Fire', 'Psychic'}",Fire,Psychic,6,2
greninja,658,Greninja,"['Water', 'Dark']","{'0': 'Torrent', 'H': 'Protean', 'S': 'Battle Bond'}",1.5,40.0,Blue,['Water 1'],UU,72,95,67,103,71,122,530,"{'Water', 'Dark'}",Water,Dark,6,9
talonflame,663,Talonflame,"['Fire', 'Flying']","{'0': 'Flame Body', 'H': 'Gale Wings'}",1.2,24.5,Red,['Flying'],RU,78,81,71,74,69,126,499,"{'Fire', 'Flying'}",Fire,Flying,6,7
vivillon,666,Vivillon,"['Bug', 'Flying']","{'0': 'Shield Dust', '1': 'Compound Eyes', 'H': 'Friend Guard'}",1.2,17.0,White,['Bug'],ZU,80,52,50,90,50,89,411,"{'Flying', 'Bug'}",Bug,Flying,6,1
pyroar,668,Pyroar,"['Fire', 'Normal']","{'0': 'Rivalry', '1': 'Unnerve', 'H': 'Moxie'}",1.5,81.5,Brown,['Field'],ZU,86,68,72,109,66,106,507,"{'Fire', 'Normal'}",Fire,Normal,6,1
florges,671,Florges,['Fairy'],"{'0': 'Flower Veil', 'H': 'Symbiosis'}",1.1,10.0,White,['Fairy'],PU,78,65,68,112,154,75,552,{'Fairy'},Fairy,Fairy,6,3
gogoat,673,Gogoat,['Grass'],"{'0': 'Sap Sipper', 'H': 'Grass Pelt'}",1.7,91.0,Brown,['Field'],ZU,123,100,62,97,81,68,531,{'Grass'},Grass,Grass,6,1
meowstic,678,Meowstic,['Psychic'],"{'0': 'Keen Eye', '1': 'Infiltrator', 'H': 'Prankster'}",0.6000000000000001,8.5,Blue,['Field'],ZU,74,48,76,83,81,104,466,{'Psychic'},Psychic,Psychic,6,1
malamar,687,Malamar,"['Dark', 'Psychic']","{'0': 'Contrary', '1': 'Suction Cups', 'H': 'Infiltrator'}",1.5,47.0,Blue,"['Water 1', 'Water 2']",ZU,86,92,88,68,75,73,482,"{'Psychic', 'Dark'}",Dark,Psychic,6,1
dragalge,691,Dragalge,"['Poison', 'Dragon']","{'0': 'Poison Point', '1': 'Poison Touch', 'H': 'Adaptability'}",1.8,81.5,Brown,"['Water 1', 'Dragon']",NU,65,75,90,97,123,44,494,"{'Poison', 'Dragon'}",Poison,Dragon,6,5
clawitzer,693,Clawitzer,['Water'],{'0': 'Mega Launcher'},1.3,35.3,Blue,"['Water 1', 'Water 3']",ZU,71,73,88,120,89,59,500,{'Water'},Water,Water,6,1
hawlucha,701,Hawlucha,"['Fighting', 'Flying']","{'0': 'Limber', '1': 'Unburden', 'H': 'Mold Breaker'}",0.8,21.5,Green,"['Flying', 'Human-Like']",RUBL,78,92,75,74,63,118,500,"{'Flying', 'Fighting'}",Fighting,Flying,6,8
dedenne,702,Dedenne,"['Electric', 'Fairy']","{'0': 'Cheek Pouch', '1': 'Pickup', 'H': 'Plus'}",0.2,2.2,Yellow,"['Field', 'Fairy']",ZU,67,58,57,81,67,101,431,"{'Fairy', 'Electric'}",Electric,Fairy,6,1
carbink,703,Carbink,"['Rock', 'Fairy']","{'0': 'Clear Body', 'H': 'Sturdy'}",0.30000000000000004,5.7,Gray,"['Fairy', 'Mineral']",ZU,50,50,150,50,150,50,500,"{'Fairy', 'Rock'}",Rock,Fairy,6,1
goodra,706,Goodra,['Dragon'],"{'0': 'Sap Sipper', '1': 'Hydration', 'H': 'Gooey'}",2.0,150.5,Purple,['Dragon'],PU,90,100,70,110,150,80,600,{'Dragon'},Dragon,Dragon,6,3
goodrahisui,706,Goodra-Hisui,"['Steel', 'Dragon']","{'0': 'Sap Sipper', '1': 'Shell Armor', 'H': 'Gooey'}",1.7,334.1,Purple,['Dragon'],RU,80,100,100,110,150,60,600,"{'Dragon', 'Steel'}",Steel,Dragon,8,7
klefki,707,Klefki,"['Steel', 'Fairy']","{'0': 'Prankster', 'H': 'Magician'}",0.2,3.0,Gray,['Mineral'],NU,57,80,91,80,87,75,470,"{'Fairy', 'Steel'}",Steel,Fairy,6,5
trevenant,709,Trevenant,"['Ghost', 'Grass']","{'0': 'Natural Cure', '1': 'Frisk', 'H': 'Harvest'}",1.5,71.0,Brown,"['Grass', 'Amorphous']",ZU,85,110,76,65,82,56,474,"{'Ghost', 'Grass'}",Ghost,Grass,6,1
avalugg,713,Avalugg,['Ice'],"{'0': 'Own Tempo', '1': 'Ice Body', 'H': 'Sturdy'}",2.0,505.0,Blue,"['Monster', 'Mineral']",NU,95,117,184,44,46,28,514,{'Ice'},Ice,Ice,6,5
avalugghisui,713,Avalugg-Hisui,"['Ice', 'Rock']","{'0': 'Strong Jaw', '1': 'Ice Body', 'H': 'Sturdy'}",1.4,262.4,Blue,"['Monster', 'Mineral']",ZU,95,127,184,34,36,38,514,"{'Rock', 'Ice'}",Ice,Rock,8,1
noivern,715,Noivern,"['Flying', 'Dragon']","{'0': 'Frisk', '1': 'Infiltrator', 'H': 'Telepathy'}",1.5,85.0,Purple,"['Flying', 'Dragon']",RU,85,70,80,97,80,123,535,"{'Flying', 'Dragon'}",Flying,Dragon,6,7
diancie,719,Diancie,"['Rock', 'Fairy']",{'0': 'Clear Body'},0.7000000000000001,8.8,Pink,['Undiscovered'],NU,50,100,150,100,150,50,600,"{'Fairy', 'Rock'}",Rock,Fairy,6,5
hoopa,720,Hoopa,"['Psychic', 'Ghost']",{'0': 'Magician'},0.5,9.0,Purple,['Undiscovered'],PU,80,110,60,150,130,70,600,"{'Ghost', 'Psychic'}",Psychic,Ghost,6,3
hoopaunbound,720,Hoopa-Unbound,"['Psychic', 'Dark']",{'0': 'Magician'},6.5,490.0,Purple,['Undiscovered'],UUBL,80,160,60,170,130,80,680,"{'Psychic', 'Dark'}",Psychic,Dark,6,10
volcanion,721,Volcanion,"['Fire', 'Water']",{'0': 'Water Absorb'},1.7,195.0,Brown,['Undiscovered'],RU,80,110,120,130,90,70,600,"{'Fire', 'Water'}",Fire,Water,6,7
decidueye,724,Decidueye,"['Grass', 'Ghost']","{'0': 'Overgrow', 'H': 'Long Reach'}",1.6,36.6,Brown,['Flying'],PU,78,107,75,100,100,70,530,"{'Ghost', 'Grass'}",Grass,Ghost,7,3
decidueyehisui,724,Decidueye-Hisui,"['Grass', 'Fighting']","{'0': 'Overgrow', 'H': 'Scrappy'}",1.6,37.0,Brown,['Flying'],ZU,88,112,80,95,95,60,530,"{'Fighting', 'Grass'}",Grass,Fighting,8,1
incineroar,727,Incineroar,"['Fire', 'Dark']","{'0': 'Blaze', 'H': 'Intimidate'}",1.8,83.0,Red,['Field'],NU,95,115,90,80,90,60,530,"{'Fire', 'Dark'}",Fire,Dark,7,5
primarina,730,Primarina,"['Water', 'Fairy']","{'0': 'Torrent', 'H': 'Liquid Voice'}",1.8,44.0,Blue,"['Water 1', 'Field']",OU,80,74,74,126,116,60,530,"{'Water', 'Fairy'}",Water,Fairy,7,11
toucannon,733,Toucannon,"['Normal', 'Flying']","{'0': 'Keen Eye', '1': 'Skill Link', 'H': 'Sheer Force'}",1.1,26.0,Black,['Flying'],ZU,80,120,75,75,75,60,485,"{'Normal', 'Flying'}",Normal,Flying,7,1
gumshoos,735,Gumshoos,['Normal'],"{'0': 'Stakeout', '1': 'Strong Jaw', 'H': 'Adaptability'}",0.7000000000000001,14.2,Brown,['Field'],ZU,88,110,60,55,60,45,418,{'Normal'},Normal,Normal,7,1
vikavolt,738,Vikavolt,"['Bug', 'Electric']",{'0': 'Levitate'},1.5,45.0,Blue,['Bug'],ZU,77,70,90,145,75,43,500,"{'Bug', 'Electric'}",Bug,Electric,7,1
crabominable,740,Crabominable,"['Fighting', 'Ice']","{'0': 'Hyper Cutter', '1': 'Iron Fist', 'H': 'Anger Point'}",1.7,180.0,White,['Water 3'],ZU,97,132,77,62,67,43,478,"{'Fighting', 'Ice'}",Fighting,Ice,7,1
oricorio,741,Oricorio,"['Fire', 'Flying']",{'0': 'Dancer'},0.6000000000000001,3.4,Red,['Flying'],ZU,75,70,70,98,70,93,476,"{'Fire', 'Flying'}",Fire,Flying,7,1
oricoriopompom,741,Oricorio-Pom-Pom,"['Electric', 'Flying']",{'0': 'Dancer'},0.6000000000000001,3.4,Yellow,['Flying'],NUBL,75,70,70,98,70,93,476,"{'Flying', 'Electric'}",Electric,Flying,7,6
oricoriopau,741,Oricorio-Pa'u,"['Psychic', 'Flying']",{'0': 'Dancer'},0.6000000000000001,3.4,Pink,['Flying'],ZU,75,70,70,98,70,93,476,"{'Flying', 'Psychic'}",Psychic,Flying,7,1
oricoriosensu,741,Oricorio-Sensu,"['Ghost', 'Flying']",{'0': 'Dancer'},0.6000000000000001,3.4,Purple,['Flying'],ZU,75,70,70,98,70,93,476,"{'Ghost', 'Flying'}",Ghost,Flying,7,1
ribombee,743,Ribombee,"['Bug', 'Fairy']","{'0': 'Honey Gather', '1': 'Shield Dust', 'H': 'Sweet Veil'}",0.2,0.5,Yellow,"['Bug', 'Fairy']",RU,60,55,60,95,70,124,464,"{'Bug', 'Fairy'}",Bug,Fairy,7,7
lycanroc,745,Lycanroc,['Rock'],"{'0': 'Keen Eye', '1': 'Sand Rush', 'H': 'Steadfast'}",0.8,25.0,Brown,['Field'],ZU,75,115,65,55,65,112,487,{'Rock'},Rock,Rock,7,1
lycanrocmidnight,745,Lycanroc-Midnight,['Rock'],"{'0': 'Keen Eye', '1': 'Vital Spirit', 'H': 'No Guard'}",1.1,25.0,Red,['Field'],ZU,85,115,75,55,75,82,487,{'Rock'},Rock,Rock,7,1
lycanrocdusk,745,Lycanroc-Dusk,['Rock'],{'0': 'Tough Claws'},0.8,25.0,Brown,['Field'],NUBL,75,117,65,55,65,110,487,{'Rock'},Rock,Rock,7,6
toxapex,748,Toxapex,"['Poison', 'Water']","{'0': 'Merciless', '1': 'Limber', 'H': 'Regenerator'}",0.7000000000000001,14.5,Blue,['Water 1'],UU,50,63,152,53,142,35,495,"{'Water', 'Poison'}",Poison,Water,7,9
mudsdale,750,Mudsdale,['Ground'],"{'0': 'Own Tempo', '1': 'Stamina', 'H': 'Inner Focus'}",2.5,920.0,Brown,['Field'],PU,100,125,100,55,85,35,500,{'Ground'},Ground,Ground,7,3
araquanid,752,Araquanid,"['Water', 'Bug']","{'0': 'Water Bubble', 'H': 'Water Absorb'}",1.8,82.0,Green,"['Water 1', 'Bug']",NU,68,70,92,50,132,42,454,"{'Water', 'Bug'}",Water,Bug,7,5
lurantis,754,Lurantis,['Grass'],"{'0': 'Leaf Guard', 'H': 'Contrary'}",0.9,18.5,Pink,['Grass'],ZU,70,105,90,80,90,45,480,{'Grass'},Grass,Grass,7,1
salazzle,758,Salazzle,"['Poison', 'Fire']","{'0': 'Corrosion', 'H': 'Oblivious'}",1.2,22.2,Black,"['Monster', 'Dragon']",PU,68,64,60,111,60,117,480,"{'Fire', 'Poison'}",Poison,Fire,7,3
tsareena,763,Tsareena,['Grass'],"{'0': 'Leaf Guard', '1': 'Queenly Majesty', 'H': 'Sweet Veil'}",1.2,21.4,Purple,['Grass'],NU,72,120,98,50,98,72,510,{'Grass'},Grass,Grass,7,5
comfey,764,Comfey,['Fairy'],"{'0': 'Flower Veil', '1': 'Triage', 'H': 'Natural Cure'}",0.1,0.30000000000000004,Green,['Grass'],UU,51,52,90,82,110,100,485,{'Fairy'},Fairy,Fairy,7,9
oranguru,765,Oranguru,"['Normal', 'Psychic']","{'0': 'Inner Focus', '1': 'Telepathy', 'H': 'Symbiosis'}",1.5,76.0,White,['Field'],ZU,90,60,80,90,110,60,490,"{'Normal', 'Psychic'}",Normal,Psychic,7,1
passimian,766,Passimian,['Fighting'],"{'0': 'Receiver', 'H': 'Defiant'}",2.0,82.8,White,['Field'],ZU,100,120,90,40,60,80,490,{'Fighting'},Fighting,Fighting,7,1
palossand,770,Palossand,"['Ghost', 'Ground']","{'0': 'Water Compaction', 'H': 'Sand Veil'}",1.3,250.0,Brown,['Amorphous'],ZU,85,75,110,100,75,35,480,"{'Ghost', 'Ground'}",Ghost,Ground,7,1
minior,774,Minior,"['Rock', 'Flying']",{'0': 'Shields Down'},0.30000000000000004,0.30000000000000004,Red,['Mineral'],PU,60,100,60,100,60,120,500,"{'Flying', 'Rock'}",Rock,Flying,7,3
komala,775,Komala,['Normal'],{'0': 'Comatose'},0.4,19.9,Blue,['Field'],ZU,65,115,65,75,95,65,480,{'Normal'},Normal,Normal,7,1
mimikyu,778,Mimikyu,"['Ghost', 'Fairy']",{'0': 'Disguise'},0.2,0.7000000000000001,Yellow,['Amorphous'],RU,55,90,80,50,105,96,476,"{'Ghost', 'Fairy'}",Ghost,Fairy,7,7
bruxish,779,Bruxish,"['Water', 'Psychic']","{'0': 'Dazzling', '1': 'Strong Jaw', 'H': 'Wonder Skin'}",0.9,19.0,Pink,['Water 2'],ZUBL,68,105,70,70,70,92,475,"{'Water', 'Psychic'}",Water,Psychic,7,2
kommoo,784,Kommo-o,"['Dragon', 'Fighting']","{'0': 'Bulletproof', '1': 'Soundproof', 'H': 'Overcoat'}",1.6,78.2,Gray,['Dragon'],UUBL,75,110,125,100,105,85,600,"{'Dragon', 'Fighting'}",Dragon,Fighting,7,10
solgaleo,791,Solgaleo,"['Psychic', 'Steel']",{'0': 'Full Metal Body'},3.4,230.0,White,['Undiscovered'],Uber,137,137,107,113,89,97,680,"{'Psychic', 'Steel'}",Psychic,Steel,7,12
lunala,792,Lunala,"['Psychic', 'Ghost']",{'0': 'Shadow Shield'},4.0,120.0,Purple,['Undiscovered'],Uber,137,113,89,137,107,97,680,"{'Ghost', 'Psychic'}",Psychic,Ghost,7,12
necrozma,800,Necrozma,['Psychic'],{'0': 'Prism Armor'},2.4,230.0,Black,['Undiscovered'],NUBL,97,107,101,127,89,79,600,{'Psychic'},Psychic,Psychic,7,6
necrozmaduskmane,800,Necrozma-Dusk-Mane,"['Psychic', 'Steel']",{'0': 'Prism Armor'},3.8,460.0,Yellow,['Undiscovered'],Uber,97,157,127,113,109,77,680,"{'Psychic', 'Steel'}",Psychic,Steel,7,12
necrozmadawnwings,800,Necrozma-Dawn-Wings,"['Psychic', 'Ghost']",{'0': 'Prism Armor'},4.2,350.0,Blue,['Undiscovered'],Uber,97,113,109,157,127,77,680,"{'Ghost', 'Psychic'}",Psychic,Ghost,7,12
magearna,801,Magearna,"['Steel', 'Fairy']",{'0': 'Soul-Heart'},1.0,80.5,Gray,['Undiscovered'],Uber,80,95,115,130,115,65,600,"{'Fairy', 'Steel'}",Steel,Fairy,7,12
rillaboom,812,Rillaboom,['Grass'],"{'0': 'Overgrow', 'H': 'Grassy Surge'}",2.1,90.0,Green,"['Field', 'Grass']",OU,100,125,90,60,70,85,530,{'Grass'},Grass,Grass,8,11
cinderace,815,Cinderace,['Fire'],"{'0': 'Blaze', 'H': 'Libero'}",1.4,33.0,White,"['Field', 'Human-Like']",OU,80,116,75,65,75,119,530,{'Fire'},Fire,Fire,8,11
inteleon,818,Inteleon,['Water'],"{'0': 'Torrent', 'H': 'Sniper'}",1.9000000000000001,45.2,Blue,"['Water 1', 'Field']",NU,70,85,65,125,65,120,530,{'Water'},Water,Water,8,5
greedent,820,Greedent,['Normal'],"{'0': 'Cheek Pouch', 'H': 'Gluttony'}",0.6000000000000001,6.0,Brown,['Field'],ZU,120,95,95,55,75,20,460,{'Normal'},Normal,Normal,8,1
corviknight,823,Corviknight,"['Flying', 'Steel']","{'0': 'Pressure', '1': 'Unnerve', 'H': 'Mirror Armor'}",2.2,75.0,Purple,['Flying'],OU,98,87,105,53,85,67,495,"{'Flying', 'Steel'}",Flying,Steel,8,11
drednaw,834,Drednaw,"['Water', 'Rock']","{'0': 'Strong Jaw', '1': 'Shell Armor', 'H': 'Swift Swim'}",1.0,115.5,Green,"['Monster', 'Water 1']",PUBL,90,115,90,48,68,74,485,"{'Water', 'Rock'}",Water,Rock,8,4
coalossal,839,Coalossal,"['Rock', 'Fire']","{'0': 'Steam Engine', '1': 'Flame Body', 'H': 'Flash Fire'}",2.8,310.5,Black,['Mineral'],PU,110,80,120,80,90,30,510,"{'Fire', 'Rock'}",Rock,Fire,8,3
flapple,841,Flapple,"['Grass', 'Dragon']","{'0': 'Ripen', '1': 'Gluttony', 'H': 'Hustle'}",0.30000000000000004,1.0,Green,"['Grass', 'Dragon']",ZU,70,110,80,95,60,70,485,"{'Dragon', 'Grass'}",Grass,Dragon,8,1
appletun,842,Appletun,"['Grass', 'Dragon']","{'0': 'Ripen', '1': 'Gluttony', 'H': 'Thick Fat'}",0.4,13.0,Green,"['Grass', 'Dragon']",ZU,110,85,80,100,80,30,485,"{'Dragon', 'Grass'}",Grass,Dragon,8,1
dipplin,1011,Dipplin,"['Grass', 'Dragon']","{'0': 'Supersweet Syrup', '1': 'Gluttony', 'H': 'Sticky Hold'}",0.4,4.4,Green,"['Grass', 'Dragon']",ZU,80,80,110,95,80,40,485,"{'Dragon', 'Grass'}",Grass,Dragon,9,1
sandaconda,844,Sandaconda,['Ground'],"{'0': 'Sand Spit', '1': 'Shed Skin', 'H': 'Sand Veil'}",3.8,65.5,Green,"['Field', 'Dragon']",ZU,72,107,125,65,70,71,510,{'Ground'},Ground,Ground,8,1
cramorant,845,Cramorant,"['Flying', 'Water']",{'0': 'Gulp Missile'},0.8,18.0,Blue,"['Water 1', 'Flying']",ZU,70,85,55,85,95,85,475,"{'Water', 'Flying'}",Flying,Water,8,1
barraskewda,847,Barraskewda,['Water'],"{'0': 'Swift Swim', 'H': 'Propeller Tail'}",1.3,30.0,Brown,['Water 2'],RU,61,123,60,60,50,136,490,{'Water'},Water,Water,8,7
toxtricity,849,Toxtricity,"['Electric', 'Poison']","{'0': 'Punk Rock', '1': 'Plus', 'H': 'Technician'}",1.6,40.0,Purple,['Human-Like'],PU,75,98,70,114,70,75,502,"{'Poison', 'Electric'}",Electric,Poison,8,3
polteageist,855,Polteageist,['Ghost'],"{'0': 'Weak Armor', 'H': 'Cursed Body'}",0.2,0.4,Purple,"['Mineral', 'Amorphous']",RUBL,60,65,65,134,114,70,508,{'Ghost'},Ghost,Ghost,8,8
hatterene,858,Hatterene,"['Psychic', 'Fairy']","{'0': 'Healer', '1': 'Anticipation', 'H': 'Magic Bounce'}",2.1,5.1,Pink,['Fairy'],OU,57,90,95,136,103,29,510,"{'Psychic', 'Fairy'}",Psychic,Fairy,8,11
grimmsnarl,861,Grimmsnarl,"['Dark', 'Fairy']","{'0': 'Prankster', '1': 'Frisk', 'H': 'Pickpocket'}",1.5,61.0,Purple,"['Fairy', 'Human-Like']",PU,95,120,65,95,75,60,510,"{'Dark', 'Fairy'}",Dark,Fairy,8,3
alcremie,869,Alcremie,['Fairy'],"{'0': 'Sweet Veil', 'H': 'Aroma Veil'}",0.30000000000000004,0.5,White,"['Fairy', 'Amorphous']",ZUBL,65,60,75,110,121,64,495,{'Fairy'},Fairy,Fairy,8,2
falinks,870,Falinks,['Fighting'],"{'0': 'Battle Armor', 'H': 'Defiant'}",3.0,62.0,Yellow,"['Fairy', 'Mineral']",ZU,65,100,100,70,60,75,470,{'Fighting'},Fighting,Fighting,8,1
pincurchin,871,Pincurchin,['Electric'],"{'0': 'Lightning Rod', 'H': 'Electric Surge'}",0.30000000000000004,1.0,Purple,"['Water 1', 'Amorphous']",ZU,48,101,95,91,85,15,435,{'Electric'},Electric,Electric,8,1
frosmoth,873,Frosmoth,"['Ice', 'Bug']","{'0': 'Shield Dust', 'H': 'Ice Scales'}",1.3,42.0,White,['Bug'],ZU,70,65,60,125,90,65,475,"{'Bug', 'Ice'}",Ice,Bug,8,1
stonjourner,874,Stonjourner,['Rock'],{'0': 'Power Spot'},2.5,520.0,Gray,['Mineral'],ZU,100,125,135,20,20,70,470,{'Rock'},Rock,Rock,8,1
eiscue,875,Eiscue,['Ice'],{'0': 'Ice Face'},1.4,89.0,Blue,"['Water 1', 'Field']",ZU,75,80,110,65,90,50,470,{'Ice'},Ice,Ice,8,1
indeedee,876,Indeedee,"['Psychic', 'Normal']","{'0': 'Inner Focus', '1': 'Synchronize', 'H': 'Psychic Surge'}",0.9,28.0,Purple,['Fairy'],PUBL,60,65,55,105,95,95,475,"{'Normal', 'Psychic'}",Psychic,Normal,8,4
indeedeef,876,Indeedee-F,"['Psychic', 'Normal']","{'0': 'Own Tempo', '1': 'Synchronize', 'H': 'Psychic Surge'}",0.9,28.0,Purple,['Fairy'],ZU,70,55,65,95,105,85,475,"{'Normal', 'Psychic'}",Psychic,Normal,8,1
morpeko,877,Morpeko,"['Electric', 'Dark']",{'0': 'Hunger Switch'},0.30000000000000004,3.0,Yellow,"['Field', 'Fairy']",ZU,58,95,58,70,58,97,436,"{'Dark', 'Electric'}",Electric,Dark,8,1
copperajah,879,Copperajah,['Steel'],"{'0': 'Sheer Force', 'H': 'Heavy Metal'}",3.0,650.0,Green,"['Field', 'Mineral']",PU,122,130,69,80,69,30,500,{'Steel'},Steel,Steel,8,3
duraludon,884,Duraludon,"['Steel', 'Dragon']","{'0': 'Light Metal', '1': 'Heavy Metal', 'H': 'Stalwart'}",1.8,40.0,White,"['Mineral', 'Dragon']",PUBL,70,95,115,120,50,85,535,"{'Dragon', 'Steel'}",Steel,Dragon,8,4
dragapult,887,Dragapult,"['Dragon', 'Ghost']","{'0': 'Clear Body', '1': 'Infiltrator', 'H': 'Cursed Body'}",3.0,50.0,Green,"['Amorphous', 'Dragon']",OU,88,120,75,100,75,142,600,"{'Ghost', 'Dragon'}",Dragon,Ghost,8,11
zacian,888,Zacian,['Fairy'],{'0': 'Intrepid Sword'},2.8,110.0,Blue,['Undiscovered'],Uber,92,120,115,80,115,138,660,{'Fairy'},Fairy,Fairy,8,12
zaciancrowned,888,Zacian-Crowned,"['Fairy', 'Steel']",{'0': 'Intrepid Sword'},2.8,355.0,Blue,['Undiscovered'],Uber,92,150,115,80,115,148,700,"{'Fairy', 'Steel'}",Fairy,Steel,8,12
zamazenta,889,Zamazenta,['Fighting'],{'0': 'Dauntless Shield'},2.9,210.0,Red,['Undiscovered'],OU,92,120,115,80,115,138,660,{'Fighting'},Fighting,Fighting,8,11
zamazentacrowned,889,Zamazenta-Crowned,"['Fighting', 'Steel']",{'0': 'Dauntless Shield'},2.9,785.0,Red,['Undiscovered'],Uber,92,120,140,80,140,128,700,"{'Fighting', 'Steel'}",Fighting,Steel,8,12
eternatus,890,Eternatus,"['Poison', 'Dragon']",{'0': 'Pressure'},20.0,950.0,Purple,['Undiscovered'],Uber,140,85,95,145,95,130,690,"{'Poison', 'Dragon'}",Poison,Dragon,8,12
urshifu,892,Urshifu,"['Fighting', 'Dark']",{'0': 'Unseen Fist'},1.9000000000000001,105.0,Gray,['Undiscovered'],Uber,100,130,100,63,60,97,550,"{'Dark', 'Fighting'}",Fighting,Dark,8,12
urshifurapidstrike,892,Urshifu-Rapid-Strike,"['Fighting', 'Water']",{'0': 'Unseen Fist'},1.9000000000000001,105.0,Gray,['Undiscovered'],Uber,100,130,100,63,60,97,550,"{'Water', 'Fighting'}",Fighting,Water,8,12
zarude,893,Zarude,"['Dark', 'Grass']",{'0': 'Leaf Guard'},1.8,70.0,Black,['Undiscovered'],RUBL,105,120,105,70,95,105,600,"{'Dark', 'Grass'}",Dark,Grass,8,8
regieleki,894,Regieleki,['Electric'],{'0': 'Transistor'},1.2,145.0,Yellow,['Undiscovered'],Uber,80,100,50,100,50,200,580,{'Electric'},Electric,Electric,8,12
regidrago,895,Regidrago,['Dragon'],"{'0': ""Dragon's Maw""}",2.1,200.0,Green,['Undiscovered'],NUBL,200,100,50,100,50,80,580,{'Dragon'},Dragon,Dragon,8,6
glastrier,896,Glastrier,['Ice'],{'0': 'Chilling Neigh'},2.2,800.0,White,['Undiscovered'],ZU,100,145,130,65,110,30,580,{'Ice'},Ice,Ice,8,1
spectrier,897,Spectrier,['Ghost'],{'0': 'Grim Neigh'},2.0,44.5,Black,['Undiscovered'],Uber,100,65,60,145,80,130,580,{'Ghost'},Ghost,Ghost,8,12
calyrex,898,Calyrex,"['Psychic', 'Grass']",{'0': 'Unnerve'},1.1,7.7,Green,['Undiscovered'],ZU,100,80,80,80,80,80,500,"{'Psychic', 'Grass'}",Psychic,Grass,8,1
calyrexice,898,Calyrex-Ice,"['Psychic', 'Ice']",{'0': 'As One (Glastrier)'},2.4,809.1,White,['Undiscovered'],Uber,100,165,150,85,130,50,680,"{'Psychic', 'Ice'}",Psychic,Ice,8,12
calyrexshadow,898,Calyrex-Shadow,"['Psychic', 'Ghost']",{'0': 'As One (Spectrier)'},2.4,53.6,Black,['Undiscovered'],AG,100,85,80,165,100,150,680,"{'Ghost', 'Psychic'}",Psychic,Ghost,8,13
enamorus,905,Enamorus,"['Fairy', 'Flying']","{'0': 'Cute Charm', 'H': 'Contrary'}",1.6,48.0,Pink,['Undiscovered'],OU,74,115,70,135,80,106,580,"{'Flying', 'Fairy'}",Fairy,Flying,8,11
enamorustherian,905,Enamorus-Therian,"['Fairy', 'Flying']",{'0': 'Overcoat'},1.6,48.0,Pink,['Undiscovered'],RUBL,74,115,110,135,100,46,580,"{'Flying', 'Fairy'}",Fairy,Flying,8,8
meowscarada,908,Meowscarada,"['Grass', 'Dark']","{'0': 'Overgrow', 'H': 'Protean'}",1.5,31.2,Green,"['Field', 'Grass']",OU,76,110,70,81,70,123,530,"{'Dark', 'Grass'}",Grass,Dark,9,11
skeledirge,911,Skeledirge,"['Fire', 'Ghost']","{'0': 'Blaze', 'H': 'Unaware'}",1.6,326.5,Red,['Field'],UU,104,75,100,110,75,66,530,"{'Fire', 'Ghost'}",Fire,Ghost,9,9
quaquaval,914,Quaquaval,"['Water', 'Fighting']","{'0': 'Torrent', 'H': 'Moxie'}",1.8,61.9,Blue,"['Flying', 'Water 1']",UU,85,120,80,85,75,85,530,"{'Water', 'Fighting'}",Water,Fighting,9,9
oinkologne,916,Oinkologne,['Normal'],"{'0': 'Lingering Aroma', '1': 'Gluttony', 'H': 'Thick Fat'}",1.0,120.0,Gray,['Field'],ZU,110,100,75,59,80,65,489,{'Normal'},Normal,Normal,9,1
oinkolognef,916,Oinkologne-F,['Normal'],"{'0': 'Aroma Veil', '1': 'Gluttony', 'H': 'Thick Fat'}",1.0,120.0,Brown,['Field'],ZU,115,90,70,59,90,65,489,{'Normal'},Normal,Normal,9,1
spidops,918,Spidops,['Bug'],"{'0': 'Insomnia', 'H': 'Stakeout'}",1.0,16.5,Green,['Bug'],ZU,60,79,92,52,86,35,404,{'Bug'},Bug,Bug,9,1
lokix,920,Lokix,"['Bug', 'Dark']","{'0': 'Swarm', 'H': 'Tinted Lens'}",1.0,17.5,Gray,['Bug'],UU,71,102,78,52,55,92,450,"{'Bug', 'Dark'}",Bug,Dark,9,9
rabsca,954,Rabsca,"['Bug', 'Psychic']","{'0': 'Synchronize', 'H': 'Telepathy'}",0.30000000000000004,3.5,Green,['Bug'],ZU,75,50,85,115,100,45,470,"{'Bug', 'Psychic'}",Bug,Psychic,9,1
houndstone,972,Houndstone,['Ghost'],"{'0': 'Sand Rush', 'H': 'Fluffy'}",2.0,15.0,White,['Field'],PU,72,101,100,50,97,68,488,{'Ghost'},Ghost,Ghost,9,3
espathra,956,Espathra,['Psychic'],"{'0': 'Opportunist', '1': 'Frisk', 'H': 'Speed Boost'}",1.9000000000000001,90.0,Yellow,['Flying'],Uber,95,60,60,101,60,105,481,{'Psychic'},Psychic,Psychic,9,12
wugtrio,961,Wugtrio,['Water'],"{'0': 'Gooey', '1': 'Rattled', 'H': 'Sand Veil'}",1.2,5.4,Red,['Water 3'],ZU,35,100,50,50,70,120,425,{'Water'},Water,Water,9,1
dondozo,977,Dondozo,['Water'],"{'0': 'Unaware', '1': 'Oblivious', 'H': 'Water Veil'}",12.0,220.0,Blue,['Water 2'],OU,150,100,115,65,65,35,530,{'Water'},Water,Water,9,11
veluza,976,Veluza,"['Water', 'Psychic']","{'0': 'Mold Breaker', 'H': 'Sharpness'}",2.5,90.0,Gray,['Water 2'],ZU,90,102,73,78,65,70,478,"{'Water', 'Psychic'}",Water,Psychic,9,1
palafin,964,Palafin,['Water'],{'0': 'Zero to Hero'},1.3,60.2,Blue,"['Field', 'Water 2']",Uber,100,70,72,53,62,100,457,{'Water'},Water,Water,9,12
arboliva,930,Arboliva,"['Grass', 'Normal']","{'0': 'Seed Sower', 'H': 'Harvest'}",1.4,48.2,Green,['Grass'],ZU,78,69,90,125,109,39,510,"{'Normal', 'Grass'}",Grass,Normal,9,1
scovillain,952,Scovillain,"['Grass', 'Fire']","{'0': 'Chlorophyll', '1': 'Insomnia', 'H': 'Moody'}",0.9,15.0,Green,['Grass'],ZU,65,108,65,108,65,75,486,"{'Fire', 'Grass'}",Grass,Fire,9,1
bellibolt,939,Bellibolt,['Electric'],"{'0': 'Electromorphosis', '1': 'Static', 'H': 'Damp'}",1.2,113.0,Green,['Water 1'],PU,109,64,91,103,83,45,495,{'Electric'},Electric,Electric,9,3
revavroom,966,Revavroom,"['Steel', 'Poison']","{'0': 'Overcoat', 'H': 'Filter'}",1.8,120.0,Gray,['Mineral'],RU,80,119,90,54,67,90,500,"{'Poison', 'Steel'}",Steel,Poison,9,7
orthworm,968,Orthworm,['Steel'],"{'0': 'Earth Eater', 'H': 'Sand Veil'}",2.5,310.0,Pink,['Field'],ZU,70,85,145,60,55,65,480,{'Steel'},Steel,Steel,9,1
maushold,925,Maushold,['Normal'],"{'0': 'Friend Guard', '1': 'Cheek Pouch', 'H': 'Technician'}",0.30000000000000004,2.3,White,"['Field', 'Fairy']",RU,74,75,70,65,75,111,470,{'Normal'},Normal,Normal,9,7
cetitan,975,Cetitan,['Ice'],"{'0': 'Thick Fat', '1': 'Slush Rush', 'H': 'Sheer Force'}",4.5,700.0,White,['Field'],PUBL,170,113,65,45,55,73,521,{'Ice'},Ice,Ice,9,4
baxcalibur,998,Baxcalibur,"['Dragon', 'Ice']","{'0': 'Thermal Exchange', 'H': 'Ice Body'}",2.1,210.0,Blue,"['Dragon', 'Mineral']",Uber,115,145,92,75,86,87,600,"{'Dragon', 'Ice'}",Dragon,Ice,9,12
tatsugiri,978,Tatsugiri,"['Dragon', 'Water']","{'0': 'Commander', 'H': 'Storm Drain'}",0.30000000000000004,8.0,Red,['Water 2'],PU,68,50,60,120,95,82,475,"{'Water', 'Dragon'}",Dragon,Water,9,3
cyclizar,967,Cyclizar,"['Dragon', 'Normal']","{'0': 'Shed Skin', 'H': 'Regenerator'}",1.6,63.0,Green,['Field'],RU,70,95,65,85,65,121,501,"{'Normal', 'Dragon'}",Dragon,Normal,9,7
pawmot,923,Pawmot,"['Electric', 'Fighting']","{'0': 'Volt Absorb', '1': 'Natural Cure', 'H': 'Iron Fist'}",0.9,41.0,Yellow,['Field'],PU,70,115,70,70,60,105,490,"{'Electric', 'Fighting'}",Electric,Fighting,9,3
kilowattrel,941,Kilowattrel,"['Electric', 'Flying']","{'0': 'Wind Power', '1': 'Volt Absorb', 'H': 'Competitive'}",1.4,38.6,Yellow,"['Water 1', 'Flying']",NU,70,70,60,105,60,125,490,"{'Flying', 'Electric'}",Electric,Flying,9,5
bombirdier,962,Bombirdier,"['Flying', 'Dark']","{'0': 'Big Pecks', '1': 'Keen Eye', 'H': 'Rocky Payload'}",1.5,42.9,White,['Flying'],PU,70,103,85,60,85,82,485,"{'Flying', 'Dark'}",Flying,Dark,9,3
squawkabilly,931,Squawkabilly,"['Normal', 'Flying']","{'0': 'Intimidate', '1': 'Hustle', 'H': 'Guts'}",0.6000000000000001,2.4,Green,['Flying'],ZU,82,96,51,45,51,92,417,"{'Normal', 'Flying'}",Normal,Flying,9,1
flamigo,973,Flamigo,"['Flying', 'Fighting']","{'0': 'Scrappy', '1': 'Tangled Feet', 'H': 'Costar'}",1.6,37.0,Pink,['Flying'],PUBL,82,115,74,75,64,90,500,"{'Flying', 'Fighting'}",Flying,Fighting,9,4
klawf,950,Klawf,['Rock'],"{'0': 'Anger Shell', '1': 'Shell Armor', 'H': 'Regenerator'}",1.3,79.0,Red,['Water 3'],ZU,70,100,115,35,55,75,450,{'Rock'},Rock,Rock,9,1
garganacl,934,Garganacl,['Rock'],"{'0': 'Purifying Salt', '1': 'Sturdy', 'H': 'Clear Body'}",2.3,240.0,Brown,['Mineral'],OU,100,100,130,45,90,35,500,{'Rock'},Rock,Rock,9,11
glimmora,970,Glimmora,"['Rock', 'Poison']","{'0': 'Toxic Debris', 'H': 'Corrosion'}",1.5,45.0,Blue,['Mineral'],OU,83,55,90,130,81,86,525,"{'Poison', 'Rock'}",Rock,Poison,9,11
grafaiai,945,Grafaiai,"['Poison', 'Normal']","{'0': 'Unburden', '1': 'Poison Touch', 'H': 'Prankster'}",0.7000000000000001,27.2,Gray,['Field'],ZU,63,95,65,80,72,110,485,"{'Normal', 'Poison'}",Poison,Normal,9,1
dachsbun,927,Dachsbun,['Fairy'],"{'0': 'Well-Baked Body', 'H': 'Aroma Veil'}",0.5,14.9,Brown,"['Field', 'Mineral']",ZU,57,80,115,50,80,95,477,{'Fairy'},Fairy,Fairy,9,1
mabosstiff,943,Mabosstiff,['Dark'],"{'0': 'Intimidate', '1': 'Guard Dog', 'H': 'Stakeout'}",1.1,61.0,Gray,['Field'],ZU,80,120,90,60,70,85,505,{'Dark'},Dark,Dark,9,1
brambleghast,947,Brambleghast,"['Grass', 'Ghost']","{'0': 'Wind Rider', 'H': 'Infiltrator'}",1.2,6.0,Brown,['Grass'],NU,55,115,70,80,70,90,480,"{'Ghost', 'Grass'}",Grass,Ghost,9,5
gholdengo,1000,Gholdengo,"['Steel', 'Ghost']",{'0': 'Good as Gold'},1.2,30.0,Yellow,['Undiscovered'],OU,87,60,95,133,91,84,550,"{'Ghost', 'Steel'}",Steel,Ghost,9,11
greattusk,984,Great Tusk,"['Ground', 'Fighting']",{'0': 'Protosynthesis'},2.2,320.0,Purple,['Undiscovered'],OU,115,131,131,53,53,87,570,"{'Ground', 'Fighting'}",Ground,Fighting,9,11
brutebonnet,986,Brute Bonnet,"['Grass', 'Dark']",{'0': 'Protosynthesis'},1.2,21.0,White,['Undiscovered'],ZU,111,127,99,79,99,55,570,"{'Dark', 'Grass'}",Grass,Dark,9,1
sandyshocks,989,Sandy Shocks,"['Electric', 'Ground']",{'0': 'Protosynthesis'},2.3,60.0,Gray,['Undiscovered'],UU,85,81,97,121,85,101,570,"{'Ground', 'Electric'}",Electric,Ground,9,9
screamtail,985,Scream Tail,"['Fairy', 'Psychic']",{'0': 'Protosynthesis'},1.2,8.0,Pink,['Undiscovered'],NU,115,65,99,65,115,111,570,"{'Psychic', 'Fairy'}",Fairy,Psychic,9,5
fluttermane,987,Flutter Mane,"['Ghost', 'Fairy']",{'0': 'Protosynthesis'},1.4,4.0,Gray,['Undiscovered'],Uber,55,55,55,135,135,135,570,"{'Ghost', 'Fairy'}",Ghost,Fairy,9,12
slitherwing,988,Slither Wing,"['Bug', 'Fighting']",{'0': 'Protosynthesis'},3.2,92.0,White,['Undiscovered'],RU,85,135,79,85,105,81,570,"{'Bug', 'Fighting'}",Bug,Fighting,9,7
roaringmoon,1005,Roaring Moon,"['Dragon', 'Dark']",{'0': 'Protosynthesis'},2.0,380.0,Blue,['Undiscovered'],OU,105,139,71,55,101,119,590,"{'Dragon', 'Dark'}",Dragon,Dark,9,11
irontreads,990,Iron Treads,"['Ground', 'Steel']",{'0': 'Quark Drive'},0.9,240.0,Gray,['Undiscovered'],OU,90,112,120,72,70,106,570,"{'Ground', 'Steel'}",Ground,Steel,9,11
ironmoth,994,Iron Moth,"['Fire', 'Poison']",{'0': 'Quark Drive'},1.2,36.0,White,['Undiscovered'],OU,80,70,60,140,110,110,570,"{'Fire', 'Poison'}",Fire,Poison,9,11
ironhands,992,Iron Hands,"['Fighting', 'Electric']",{'0': 'Quark Drive'},1.8,380.7,Gray,['Undiscovered'],UUBL,154,140,108,50,68,50,570,"{'Electric', 'Fighting'}",Fighting,Electric,9,10
ironjugulis,993,Iron Jugulis,"['Dark', 'Flying']",{'0': 'Quark Drive'},1.3,111.0,Blue,['Undiscovered'],RUBL,94,80,86,122,80,108,570,"{'Flying', 'Dark'}",Dark,Flying,9,8
ironthorns,995,Iron Thorns,"['Rock', 'Electric']",{'0': 'Quark Drive'},1.6,303.0,Green,['Undiscovered'],NUBL,100,134,110,70,84,72,570,"{'Electric', 'Rock'}",Rock,Electric,9,6
ironbundle,991,Iron Bundle,"['Ice', 'Water']",{'0': 'Quark Drive'},0.6000000000000001,11.0,Red,['Undiscovered'],Uber,56,80,114,124,60,136,570,"{'Water', 'Ice'}",Ice,Water,9,12
ironvaliant,1006,Iron Valiant,"['Fairy', 'Fighting']",{'0': 'Quark Drive'},1.4,35.0,White,['Undiscovered'],OU,74,130,90,120,60,116,590,"{'Fairy', 'Fighting'}",Fairy,Fighting,9,11
tinglu,1003,Ting-Lu,"['Dark', 'Ground']",{'0': 'Vessel of Ruin'},2.7,699.7,Brown,['Undiscovered'],OU,155,110,125,55,80,45,570,"{'Ground', 'Dark'}",Dark,Ground,9,11
chienpao,1002,Chien-Pao,"['Dark', 'Ice']",{'0': 'Sword of Ruin'},1.9000000000000001,152.2,White,['Undiscovered'],Uber,80,120,80,90,65,135,570,"{'Dark', 'Ice'}",Dark,Ice,9,12
wochien,1001,Wo-Chien,"['Dark', 'Grass']",{'0': 'Tablets of Ruin'},1.5,74.2,Brown,['Undiscovered'],PU,85,85,100,95,135,70,570,"{'Dark', 'Grass'}",Dark,Grass,9,3
chiyu,1004,Chi-Yu,"['Dark', 'Fire']",{'0': 'Beads of Ruin'},0.4,4.9,Red,['Undiscovered'],Uber,55,80,80,135,120,100,570,"{'Fire', 'Dark'}",Dark,Fire,9,12
koraidon,1007,Koraidon,"['Fighting', 'Dragon']",{'0': 'Orichalcum Pulse'},2.5,303.0,Red,['Undiscovered'],Uber,100,135,115,85,100,135,670,"{'Dragon', 'Fighting'}",Fighting,Dragon,9,12
miraidon,1008,Miraidon,"['Electric', 'Dragon']",{'0': 'Hadron Engine'},3.5,240.0,Purple,['Undiscovered'],AG,100,85,100,135,115,135,670,"{'Dragon', 'Electric'}",Electric,Dragon,9,13
tinkaton,959,Tinkaton,"['Fairy', 'Steel']","{'0': 'Mold Breaker', '1': 'Own Tempo', 'H': 'Pickpocket'}",0.7000000000000001,112.8,Pink,['Fairy'],UU,85,75,77,70,105,94,506,"{'Fairy', 'Steel'}",Fairy,Steel,9,9
armarouge,936,Armarouge,"['Fire', 'Psychic']","{'0': 'Flash Fire', 'H': 'Weak Armor'}",1.5,85.0,Red,['Human-Like'],RU,85,60,100,125,80,75,525,"{'Fire', 'Psychic'}",Fire,Psychic,9,7
ceruledge,937,Ceruledge,"['Fire', 'Ghost']","{'0': 'Flash Fire', 'H': 'Weak Armor'}",1.6,62.0,Purple,['Human-Like'],UUBL,75,125,80,60,100,85,525,"{'Fire', 'Ghost'}",Fire,Ghost,9,10
toedscruel,949,Toedscruel,"['Ground', 'Grass']",{'0': 'Mycelium Might'},1.9000000000000001,58.0,Black,['Field'],ZU,80,70,65,80,120,100,515,"{'Ground', 'Grass'}",Ground,Grass,9,1
kingambit,983,Kingambit,"['Dark', 'Steel']","{'0': 'Defiant', '1': 'Supreme Overlord', 'H': 'Pressure'}",2.0,120.0,Black,['Human-Like'],OU,100,135,120,60,85,50,550,"{'Dark', 'Steel'}",Dark,Steel,9,11
clodsire,980,Clodsire,"['Poison', 'Ground']","{'0': 'Poison Point', '1': 'Water Absorb', 'H': 'Unaware'}",1.8,223.0,Brown,"['Water 1', 'Field']",UU,130,75,60,45,100,20,430,"{'Ground', 'Poison'}",Poison,Ground,9,9
annihilape,979,Annihilape,"['Fighting', 'Ghost']","{'0': 'Vital Spirit', '1': 'Inner Focus', 'H': 'Defiant'}",1.2,56.0,Gray,['Field'],Uber,110,115,80,50,90,90,535,"{'Ghost', 'Fighting'}",Fighting,Ghost,9,12
walkingwake,1009,Walking Wake,"['Water', 'Dragon']",{'0': 'Protosynthesis'},3.5,280.0,Blue,['Undiscovered'],OU,99,83,91,125,83,109,590,"{'Water', 'Dragon'}",Water,Dragon,9,11
ironleaves,1010,Iron Leaves,"['Grass', 'Psychic']",{'0': 'Quark Drive'},1.5,125.0,Green,['Undiscovered'],RUBL,90,130,88,70,108,104,590,"{'Psychic', 'Grass'}",Grass,Psychic,9,8
sinistcha,1013,Sinistcha,"['Grass', 'Ghost']","{'0': 'Hospitality', 'H': 'Heatproof'}",0.2,2.2,Green,"['Mineral', 'Amorphous']",UU,71,60,106,121,80,70,508,"{'Ghost', 'Grass'}",Grass,Ghost,9,9
okidogi,1014,Okidogi,"['Poison', 'Fighting']","{'0': 'Toxic Chain', 'H': 'Guard Dog'}",1.8,92.0,Black,['Undiscovered'],UUBL,88,128,115,58,86,80,555,"{'Poison', 'Fighting'}",Poison,Fighting,9,10
munkidori,1015,Munkidori,"['Poison', 'Psychic']","{'0': 'Toxic Chain', 'H': 'Frisk'}",1.0,12.2,Black,['Undiscovered'],NU,88,75,66,130,90,106,555,"{'Psychic', 'Poison'}",Poison,Psychic,9,5
fezandipiti,1016,Fezandipiti,"['Poison', 'Fairy']","{'0': 'Toxic Chain', 'H': 'Technician'}",1.4,30.1,Black,['Undiscovered'],RU,88,91,82,70,125,99,555,"{'Poison', 'Fairy'}",Poison,Fairy,9,7
ogerpon,1017,Ogerpon,['Grass'],{'0': 'Defiant'},1.2,39.8,Green,['Undiscovered'],UU,80,120,84,60,96,110,550,{'Grass'},Grass,Grass,9,9
ogerponwellspring,1017,Ogerpon-Wellspring,"['Grass', 'Water']",{'0': 'Water Absorb'},1.2,39.8,Blue,['Undiscovered'],OU,80,120,84,60,96,110,550,"{'Water', 'Grass'}",Grass,Water,9,11
ogerponhearthflame,1017,Ogerpon-Hearthflame,"['Grass', 'Fire']",{'0': 'Mold Breaker'},1.2,39.8,Red,['Undiscovered'],Uber,80,120,84,60,96,110,550,"{'Fire', 'Grass'}",Grass,Fire,9,12
ogerponcornerstone,1017,Ogerpon-Cornerstone,"['Grass', 'Rock']",{'0': 'Sturdy'},1.2,39.8,Gray,['Undiscovered'],UU,80,120,84,60,96,110,550,"{'Rock', 'Grass'}",Grass,Rock,9,9
archaludon,1018,Archaludon,"['Steel', 'Dragon']","{'0': 'Stamina', '1': 'Sturdy', 'H': 'Stalwart'}",2.0,60.0,White,"['Mineral', 'Dragon']",Uber,90,105,130,125,65,85,600,"{'Dragon', 'Steel'}",Steel,Dragon,9,12
hydrapple,1019,Hydrapple,"['Grass', 'Dragon']","{'0': 'Supersweet Syrup', '1': 'Regenerator', 'H': 'Sticky Hold'}",1.8,93.0,Green,"['Grass', 'Dragon']",UU,106,80,110,120,80,44,540,"{'Dragon', 'Grass'}",Grass,Dragon,9,9
gougingfire,1020,Gouging Fire,"['Fire', 'Dragon']",{'0': 'Protosynthesis'},3.5,590.0,Brown,['Undiscovered'],Uber,105,115,121,65,93,91,590,"{'Fire', 'Dragon'}",Fire,Dragon,9,12
ragingbolt,1021,Raging Bolt,"['Electric', 'Dragon']",{'0': 'Protosynthesis'},5.2,480.0,Yellow,['Undiscovered'],OU,125,73,91,137,89,75,590,"{'Dragon', 'Electric'}",Electric,Dragon,9,11
ironboulder,1022,Iron Boulder,"['Rock', 'Psychic']",{'0': 'Quark Drive'},1.5,162.5,Gray,['Undiscovered'],UUBL,90,120,80,68,108,124,590,"{'Psychic', 'Rock'}",Rock,Psychic,9,10
ironcrown,1023,Iron Crown,"['Steel', 'Psychic']",{'0': 'Quark Drive'},1.6,156.0,Blue,['Undiscovered'],OU,90,72,100,122,108,98,590,"{'Psychic', 'Steel'}",Steel,Psychic,9,11
terapagos,1024,Terapagos,['Normal'],{'0': 'Tera Shift'},0.2,6.5,Blue,['Undiscovered'],Uber,90,65,85,65,85,60,450,{'Normal'},Normal,Normal,9,12
terapagosstellar,1024,Terapagos-Stellar,['Normal'],{'0': 'Teraform Zero'},1.7,77.0,Blue,['Undiscovered'],Uber,160,105,110,130,110,85,700,{'Normal'},Normal,Normal,9,12
pecharunt,1025,Pecharunt,"['Poison', 'Ghost']",{'0': 'Poison Puppeteer'},0.30000000000000004,0.30000000000000004,Purple,['Undiscovered'],UU,88,88,160,88,88,88,600,"{'Ghost', 'Poison'}",Poison,Ghost,9,9
